old_url,page_type,template,source_url,observed_at,http_status,title,description,canonical,robots,heading,evidence,proposed_action,target_url,owner_approval,status,access_method,effective_url,sitemap_listed,notes
https://sterlingandwilsondc.com/,home,home,https://sterlingandwilsondc.com/; https://sterlingandwilsondc.com/about-us/; https://sterlingandwilsondc.com/awards-recognitions/; https://sterlingandwilsondc.com/blogs/; https://sterlingandwilsondc.com/careers-2/; https://sterlingandwilsondc.com/careers/; https://sterlingandwilsondc.com/category/blog/; https://sterlingandwilsondc.com/contact/; https://sterlingandwilsondc.com/conventional-brick-mortar-data-center/; https://sterlingandwilsondc.com/corporate-governance/; https://sterlingandwilsondc.com/design-build/; https://sterlingandwilsondc.com/elementor-hf/my-custom-footer/; https://sterlingandwilsondc.com/events/; https://sterlingandwilsondc.com/faqs/; https://sterlingandwilsondc.com/home-2-copy/; https://sterlingandwilsondc.com/home-copy/; https://sterlingandwilsondc.com/home-duplicate/; https://sterlingandwilsondc.com/industry-memberships-and-recognitions/; https://sterlingandwilsondc.com/knowledge-corner/; https://sterlingandwilsondc.com/leadership/; https://sterlingandwilsondc.com/modular-construction/; https://sterlingandwilsondc.com/modular-data-centers/; https://sterlingandwilsondc.com/news-press-release/; https://sterlingandwilsondc.com/newsroom/; https://sterlingandwilsondc.com/om-services/; https://sterlingandwilsondc.com/our-team/; https://sterlingandwilsondc.com/portfolio-category/domestic/; https://sterlingandwilsondc.com/portfolio-category/domestic/page/2/; https://sterlingandwilsondc.com/portfolio-category/international/; https://sterlingandwilsondc.com/portfolios/bhamashah-state-data-center-jaipur-india/; https://sterlingandwilsondc.com/portfolios/colocation-data-center-navi-mumbai-india-2025/; https://sterlingandwilsondc.com/portfolios/edgnex-data-center-dammam-ksa-2021/; https://sterlingandwilsondc.com/portfolios/etisalat-db-telecom-mumbai-jaipur-ahmedabad-lucknow-ambala-india/; https://sterlingandwilsondc.com/portfolios/faisal-islamic-bank-cairo-egypt/; https://sterlingandwilsondc.com/portfolios/global-colocation-data-center-chennai-india/; https://sterlingandwilsondc.com/portfolios/global-colocation-data-center-navi-mumbai-india/; https://sterlingandwilsondc.com/portfolios/global-colocation-data-center-pune-india-2021/; https://sterlingandwilsondc.com/portfolios/hyperscaler-data-center-hyderabad-india/; https://sterlingandwilsondc.com/portfolios/hyperscaler-data-center-mumbai-india-2021/; https://sterlingandwilsondc.com/portfolios/mainone-dc-accra-ghana/; https://sterlingandwilsondc.com/portfolios/national-information-center-nic-hyderabad-india/; https://sterlingandwilsondc.com/portfolios/national-securities-depository-ltd-nsdl-bangalore-india/; https://sterlingandwilsondc.com/portfolios/national-stock-exchange-chennai-india/; https://sterlingandwilsondc.com/portfolios/raxio-dr-congo/; https://sterlingandwilsondc.com/portfolios/software-technology-parks-of-india-stpi/; https://sterlingandwilsondc.com/portfolios/telecom-egypt-cloud-hub-dc-cairo-egypt/; https://sterlingandwilsondc.com/portfolios/telecom-egypt-nn1-cairo-egypt/; https://sterlingandwilsondc.com/portfolios/vodafone-india-limited-chennai-india/; https://sterlingandwilsondc.com/portfolios/vodafone-vois-cairo-egypt/; https://sterlingandwilsondc.com/prefabricated-containerised-data-centers/; https://sterlingandwilsondc.com/privacy-policy/; https://sterlingandwilsondc.com/projects-2-copy/; https://sterlingandwilsondc.com/projects/; https://sterlingandwilsondc.com/sitemap_index.xml; https://sterlingandwilsondc.com/smart-operations-old-2/; https://sterlingandwilsondc.com/smart-operations/; https://sterlingandwilsondc.com/sustainable-execution-duplicate/; https://sterlingandwilsondc.com/sustainable-execution/; https://sterlingandwilsondc.com/team-category/it-technology/; https://sterlingandwilsondc.com/teams/awadhesh-sharma/; https://sterlingandwilsondc.com/teams/ninad-bhise/; https://sterlingandwilsondc.com/teams/p-v-prasanth/; https://sterlingandwilsondc.com/teams/prasanna-sarambale/; https://sterlingandwilsondc.com/teams/rahul-deshpande/; https://sterlingandwilsondc.com/teams/rajeev-roy/; https://sterlingandwilsondc.com/teams/ranjit-gajare/; https://sterlingandwilsondc.com/teams/ravindra-bapat/; https://sterlingandwilsondc.com/test-project-page/; https://sterlingandwilsondc.com/testimonial-category/business/; https://sterlingandwilsondc.com/testimonials/27356/; https://sterlingandwilsondc.com/testing-page/; https://sterlingandwilsondc.com/the-ai-infrastructure-race-why-future-data-centres-must-be-ai-ready/; https://sterlingandwilsondc.com/thumbnail-slider/; https://sterlingandwilsondc.com/wp-sitemap-posts-page-1.xml,2026-10-07T04:07:36+00:00,200,"Sterling & Wilson Data Center – Your trusted partner in designing, building and managing world-class data centers",,https://sterlingandwilsondc.com/,max-image-preview:large,Services | Our Company | Measurable Impact | Projects | Awards & Recognitions | Client Testimonials | Our Presence,docs/discovery/evidence/2026-10-07/5f6f595d1767e426.json,Propose preserve exact URL and owner-approved content,https://sterlingandwilsondc.com/,pending,fetched; classification provisional,curl.exe public HTTPS GET; no site code executed,https://sterlingandwilsondc.com/,yes,Source text includes hidden/legacy blocks; not approved copy.
https://sterlingandwilsondc.com/about-us/,corporate-overview,corporate-overview,https://sterlingandwilsondc.com/; https://sterlingandwilsondc.com/about-us/; https://sterlingandwilsondc.com/awards-recognitions/; https://sterlingandwilsondc.com/blogs/; https://sterlingandwilsondc.com/careers-2/; https://sterlingandwilsondc.com/careers/; https://sterlingandwilsondc.com/category/blog/; https://sterlingandwilsondc.com/contact/; https://sterlingandwilsondc.com/conventional-brick-mortar-data-center/; https://sterlingandwilsondc.com/corporate-governance/; https://sterlingandwilsondc.com/design-build/; https://sterlingandwilsondc.com/elementor-hf/my-custom-footer/; https://sterlingandwilsondc.com/events/; https://sterlingandwilsondc.com/faqs/; https://sterlingandwilsondc.com/home-2-copy/; https://sterlingandwilsondc.com/home-copy/; https://sterlingandwilsondc.com/home-duplicate/; https://sterlingandwilsondc.com/industry-memberships-and-recognitions/; https://sterlingandwilsondc.com/knowledge-corner/; https://sterlingandwilsondc.com/leadership/; https://sterlingandwilsondc.com/modular-construction/; https://sterlingandwilsondc.com/modular-data-centers/; https://sterlingandwilsondc.com/news-press-release/; https://sterlingandwilsondc.com/newsroom/; https://sterlingandwilsondc.com/om-services/; https://sterlingandwilsondc.com/our-team/; https://sterlingandwilsondc.com/portfolio-category/domestic/; https://sterlingandwilsondc.com/portfolio-category/domestic/page/2/; https://sterlingandwilsondc.com/portfolio-category/international/; https://sterlingandwilsondc.com/portfolios/bhamashah-state-data-center-jaipur-india/; https://sterlingandwilsondc.com/portfolios/colocation-data-center-navi-mumbai-india-2025/; https://sterlingandwilsondc.com/portfolios/edgnex-data-center-dammam-ksa-2021/; https://sterlingandwilsondc.com/portfolios/etisalat-db-telecom-mumbai-jaipur-ahmedabad-lucknow-ambala-india/; https://sterlingandwilsondc.com/portfolios/faisal-islamic-bank-cairo-egypt/; https://sterlingandwilsondc.com/portfolios/global-colocation-data-center-chennai-india/; https://sterlingandwilsondc.com/portfolios/global-colocation-data-center-navi-mumbai-india/; https://sterlingandwilsondc.com/portfolios/global-colocation-data-center-pune-india-2021/; https://sterlingandwilsondc.com/portfolios/hyperscaler-data-center-hyderabad-india/; https://sterlingandwilsondc.com/portfolios/hyperscaler-data-center-mumbai-india-2021/; https://sterlingandwilsondc.com/portfolios/mainone-dc-accra-ghana/; https://sterlingandwilsondc.com/portfolios/national-information-center-nic-hyderabad-india/; https://sterlingandwilsondc.com/portfolios/national-securities-depository-ltd-nsdl-bangalore-india/; https://sterlingandwilsondc.com/portfolios/national-stock-exchange-chennai-india/; https://sterlingandwilsondc.com/portfolios/raxio-dr-congo/; https://sterlingandwilsondc.com/portfolios/software-technology-parks-of-india-stpi/; https://sterlingandwilsondc.com/portfolios/telecom-egypt-cloud-hub-dc-cairo-egypt/; https://sterlingandwilsondc.com/portfolios/telecom-egypt-nn1-cairo-egypt/; https://sterlingandwilsondc.com/portfolios/vodafone-india-limited-chennai-india/; https://sterlingandwilsondc.com/portfolios/vodafone-vois-cairo-egypt/; https://sterlingandwilsondc.com/prefabricated-containerised-data-centers/; https://sterlingandwilsondc.com/privacy-policy/; https://sterlingandwilsondc.com/projects-2-copy/; https://sterlingandwilsondc.com/projects/; https://sterlingandwilsondc.com/sitemap_index.xml; https://sterlingandwilsondc.com/smart-operations-old-2/; https://sterlingandwilsondc.com/smart-operations/; https://sterlingandwilsondc.com/sustainable-execution-duplicate/; https://sterlingandwilsondc.com/sustainable-execution/; https://sterlingandwilsondc.com/team-category/it-technology/; https://sterlingandwilsondc.com/teams/awadhesh-sharma/; https://sterlingandwilsondc.com/teams/ninad-bhise/; https://sterlingandwilsondc.com/teams/p-v-prasanth/; https://sterlingandwilsondc.com/teams/prasanna-sarambale/; https://sterlingandwilsondc.com/teams/rahul-deshpande/; https://sterlingandwilsondc.com/teams/rajeev-roy/; https://sterlingandwilsondc.com/teams/ranjit-gajare/; https://sterlingandwilsondc.com/teams/ravindra-bapat/; https://sterlingandwilsondc.com/test-project-page/; https://sterlingandwilsondc.com/testimonial-category/business/; https://sterlingandwilsondc.com/testimonials/27356/; https://sterlingandwilsondc.com/testing-page/; https://sterlingandwilsondc.com/the-ai-infrastructure-race-why-future-data-centres-must-be-ai-ready/; https://sterlingandwilsondc.com/thumbnail-slider/; https://sterlingandwilsondc.com/wp-sitemap-posts-page-1.xml,2026-10-07T04:07:42+00:00,200,About Us – Sterling & Wilson Data Center,,https://sterlingandwilsondc.com/about-us/,max-image-preview:large,,docs/discovery/evidence/2026-10-07/25324146eb761a14.json,Propose preserve exact URL and owner-approved content,https://sterlingandwilsondc.com/about-us/,pending,fetched; classification provisional,curl.exe public HTTPS GET; no site code executed,https://sterlingandwilsondc.com/about-us/,yes,Source text includes hidden/legacy blocks; not approved copy.
https://sterlingandwilsondc.com/awards-recognitions/,award-gallery,award-gallery,https://sterlingandwilsondc.com/; https://sterlingandwilsondc.com/about-us/; https://sterlingandwilsondc.com/awards-recognitions/; https://sterlingandwilsondc.com/blogs/; https://sterlingandwilsondc.com/careers-2/; https://sterlingandwilsondc.com/careers/; https://sterlingandwilsondc.com/category/blog/; https://sterlingandwilsondc.com/contact/; https://sterlingandwilsondc.com/conventional-brick-mortar-data-center/; https://sterlingandwilsondc.com/corporate-governance/; https://sterlingandwilsondc.com/design-build/; https://sterlingandwilsondc.com/elementor-hf/my-custom-footer/; https://sterlingandwilsondc.com/events/; https://sterlingandwilsondc.com/faqs/; https://sterlingandwilsondc.com/home-2-copy/; https://sterlingandwilsondc.com/home-copy/; https://sterlingandwilsondc.com/home-duplicate/; https://sterlingandwilsondc.com/industry-memberships-and-recognitions/; https://sterlingandwilsondc.com/knowledge-corner/; https://sterlingandwilsondc.com/leadership/; https://sterlingandwilsondc.com/modular-construction/; https://sterlingandwilsondc.com/modular-data-centers/; https://sterlingandwilsondc.com/news-press-release/; https://sterlingandwilsondc.com/newsroom/; https://sterlingandwilsondc.com/om-services/; https://sterlingandwilsondc.com/our-team/; https://sterlingandwilsondc.com/portfolio-category/domestic/; https://sterlingandwilsondc.com/portfolio-category/domestic/page/2/; https://sterlingandwilsondc.com/portfolio-category/international/; https://sterlingandwilsondc.com/portfolios/bhamashah-state-data-center-jaipur-india/; https://sterlingandwilsondc.com/portfolios/colocation-data-center-navi-mumbai-india-2025/; https://sterlingandwilsondc.com/portfolios/edgnex-data-center-dammam-ksa-2021/; https://sterlingandwilsondc.com/portfolios/etisalat-db-telecom-mumbai-jaipur-ahmedabad-lucknow-ambala-india/; https://sterlingandwilsondc.com/portfolios/faisal-islamic-bank-cairo-egypt/; https://sterlingandwilsondc.com/portfolios/global-colocation-data-center-chennai-india/; https://sterlingandwilsondc.com/portfolios/global-colocation-data-center-navi-mumbai-india/; https://sterlingandwilsondc.com/portfolios/global-colocation-data-center-pune-india-2021/; https://sterlingandwilsondc.com/portfolios/hyperscaler-data-center-hyderabad-india/; https://sterlingandwilsondc.com/portfolios/hyperscaler-data-center-mumbai-india-2021/; https://sterlingandwilsondc.com/portfolios/mainone-dc-accra-ghana/; https://sterlingandwilsondc.com/portfolios/national-information-center-nic-hyderabad-india/; https://sterlingandwilsondc.com/portfolios/national-securities-depository-ltd-nsdl-bangalore-india/; https://sterlingandwilsondc.com/portfolios/national-stock-exchange-chennai-india/; https://sterlingandwilsondc.com/portfolios/raxio-dr-congo/; https://sterlingandwilsondc.com/portfolios/software-technology-parks-of-india-stpi/; https://sterlingandwilsondc.com/portfolios/telecom-egypt-cloud-hub-dc-cairo-egypt/; https://sterlingandwilsondc.com/portfolios/telecom-egypt-nn1-cairo-egypt/; https://sterlingandwilsondc.com/portfolios/vodafone-india-limited-chennai-india/; https://sterlingandwilsondc.com/portfolios/vodafone-vois-cairo-egypt/; https://sterlingandwilsondc.com/prefabricated-containerised-data-centers/; https://sterlingandwilsondc.com/privacy-policy/; https://sterlingandwilsondc.com/projects-2-copy/; https://sterlingandwilsondc.com/projects/; https://sterlingandwilsondc.com/sitemap_index.xml; https://sterlingandwilsondc.com/smart-operations-old-2/; https://sterlingandwilsondc.com/smart-operations/; https://sterlingandwilsondc.com/sustainable-execution-duplicate/; https://sterlingandwilsondc.com/sustainable-execution/; https://sterlingandwilsondc.com/team-category/it-technology/; https://sterlingandwilsondc.com/teams/awadhesh-sharma/; https://sterlingandwilsondc.com/teams/ninad-bhise/; https://sterlingandwilsondc.com/teams/p-v-prasanth/; https://sterlingandwilsondc.com/teams/prasanna-sarambale/; https://sterlingandwilsondc.com/teams/rahul-deshpande/; https://sterlingandwilsondc.com/teams/rajeev-roy/; https://sterlingandwilsondc.com/teams/ranjit-gajare/; https://sterlingandwilsondc.com/teams/ravindra-bapat/; https://sterlingandwilsondc.com/test-project-page/; https://sterlingandwilsondc.com/testimonial-category/business/; https://sterlingandwilsondc.com/testimonials/27356/; https://sterlingandwilsondc.com/testing-page/; https://sterlingandwilsondc.com/the-ai-infrastructure-race-why-future-data-centres-must-be-ai-ready/; https://sterlingandwilsondc.com/thumbnail-slider/; https://sterlingandwilsondc.com/wp-sitemap-posts-page-1.xml,2026-10-07T04:07:42+00:00,200,Awards & Recognitions – Sterling & Wilson Data Center,,https://sterlingandwilsondc.com/awards-recognitions/,max-image-preview:large,Awards & Recognitions,docs/discovery/evidence/2026-10-07/7dccf5eaafbddfb5.json,Propose preserve exact URL and owner-approved content,https://sterlingandwilsondc.com/awards-recognitions/,pending,fetched; classification provisional,curl.exe public HTTPS GET; no site code executed,https://sterlingandwilsondc.com/awards-recognitions/,yes,Source text includes hidden/legacy blocks; not approved copy.
https://sterlingandwilsondc.com/blogs/,blog-listing,blog-listing,https://sterlingandwilsondc.com/; https://sterlingandwilsondc.com/about-us/; https://sterlingandwilsondc.com/awards-recognitions/; https://sterlingandwilsondc.com/blogs/; https://sterlingandwilsondc.com/careers-2/; https://sterlingandwilsondc.com/careers/; https://sterlingandwilsondc.com/category/blog/; https://sterlingandwilsondc.com/contact/; https://sterlingandwilsondc.com/conventional-brick-mortar-data-center/; https://sterlingandwilsondc.com/corporate-governance/; https://sterlingandwilsondc.com/design-build/; https://sterlingandwilsondc.com/elementor-hf/my-custom-footer/; https://sterlingandwilsondc.com/events/; https://sterlingandwilsondc.com/faqs/; https://sterlingandwilsondc.com/home-2-copy/; https://sterlingandwilsondc.com/home-copy/; https://sterlingandwilsondc.com/home-duplicate/; https://sterlingandwilsondc.com/industry-memberships-and-recognitions/; https://sterlingandwilsondc.com/knowledge-corner/; https://sterlingandwilsondc.com/leadership/; https://sterlingandwilsondc.com/modular-construction/; https://sterlingandwilsondc.com/modular-data-centers/; https://sterlingandwilsondc.com/news-press-release/; https://sterlingandwilsondc.com/newsroom/; https://sterlingandwilsondc.com/om-services/; https://sterlingandwilsondc.com/our-team/; https://sterlingandwilsondc.com/portfolio-category/domestic/; https://sterlingandwilsondc.com/portfolio-category/domestic/page/2/; https://sterlingandwilsondc.com/portfolio-category/international/; https://sterlingandwilsondc.com/portfolios/bhamashah-state-data-center-jaipur-india/; https://sterlingandwilsondc.com/portfolios/colocation-data-center-navi-mumbai-india-2025/; https://sterlingandwilsondc.com/portfolios/edgnex-data-center-dammam-ksa-2021/; https://sterlingandwilsondc.com/portfolios/etisalat-db-telecom-mumbai-jaipur-ahmedabad-lucknow-ambala-india/; https://sterlingandwilsondc.com/portfolios/faisal-islamic-bank-cairo-egypt/; https://sterlingandwilsondc.com/portfolios/global-colocation-data-center-chennai-india/; https://sterlingandwilsondc.com/portfolios/global-colocation-data-center-navi-mumbai-india/; https://sterlingandwilsondc.com/portfolios/global-colocation-data-center-pune-india-2021/; https://sterlingandwilsondc.com/portfolios/hyperscaler-data-center-hyderabad-india/; https://sterlingandwilsondc.com/portfolios/hyperscaler-data-center-mumbai-india-2021/; https://sterlingandwilsondc.com/portfolios/mainone-dc-accra-ghana/; https://sterlingandwilsondc.com/portfolios/national-information-center-nic-hyderabad-india/; https://sterlingandwilsondc.com/portfolios/national-securities-depository-ltd-nsdl-bangalore-india/; https://sterlingandwilsondc.com/portfolios/national-stock-exchange-chennai-india/; https://sterlingandwilsondc.com/portfolios/raxio-dr-congo/; https://sterlingandwilsondc.com/portfolios/software-technology-parks-of-india-stpi/; https://sterlingandwilsondc.com/portfolios/telecom-egypt-cloud-hub-dc-cairo-egypt/; https://sterlingandwilsondc.com/portfolios/telecom-egypt-nn1-cairo-egypt/; https://sterlingandwilsondc.com/portfolios/vodafone-india-limited-chennai-india/; https://sterlingandwilsondc.com/portfolios/vodafone-vois-cairo-egypt/; https://sterlingandwilsondc.com/prefabricated-containerised-data-centers/; https://sterlingandwilsondc.com/privacy-policy/; https://sterlingandwilsondc.com/projects-2-copy/; https://sterlingandwilsondc.com/projects/; https://sterlingandwilsondc.com/sitemap_index.xml; https://sterlingandwilsondc.com/smart-operations-old-2/; https://sterlingandwilsondc.com/smart-operations/; https://sterlingandwilsondc.com/sustainable-execution-duplicate/; https://sterlingandwilsondc.com/sustainable-execution/; https://sterlingandwilsondc.com/team-category/it-technology/; https://sterlingandwilsondc.com/teams/awadhesh-sharma/; https://sterlingandwilsondc.com/teams/ninad-bhise/; https://sterlingandwilsondc.com/teams/p-v-prasanth/; https://sterlingandwilsondc.com/teams/prasanna-sarambale/; https://sterlingandwilsondc.com/teams/rahul-deshpande/; https://sterlingandwilsondc.com/teams/rajeev-roy/; https://sterlingandwilsondc.com/teams/ranjit-gajare/; https://sterlingandwilsondc.com/teams/ravindra-bapat/; https://sterlingandwilsondc.com/test-project-page/; https://sterlingandwilsondc.com/testimonial-category/business/; https://sterlingandwilsondc.com/testimonials/27356/; https://sterlingandwilsondc.com/testing-page/; https://sterlingandwilsondc.com/the-ai-infrastructure-race-why-future-data-centres-must-be-ai-ready/; https://sterlingandwilsondc.com/thumbnail-slider/; https://sterlingandwilsondc.com/wp-sitemap-posts-page-1.xml,2026-10-07T04:07:42+00:00,200,Blogs – Sterling & Wilson Data Center,,https://sterlingandwilsondc.com/blogs/,max-image-preview:large,,docs/discovery/evidence/2026-10-07/6fbe6222a0024c5d.json,Propose preserve exact URL and owner-approved content,https://sterlingandwilsondc.com/blogs/,pending,fetched; classification provisional,curl.exe public HTTPS GET; no site code executed,https://sterlingandwilsondc.com/blogs/,yes,Source text includes hidden/legacy blocks; not approved copy.
https://sterlingandwilsondc.com/careers-2/,legacy-or-duplicate (approval required),legacy-or-duplicate (approval required),https://sterlingandwilsondc.com/careers-2/; https://sterlingandwilsondc.com/wp-sitemap-posts-page-1.xml,2026-10-07T04:08:26+00:00,200,Careers-2 – Sterling & Wilson Data Center,,https://sterlingandwilsondc.com/careers-2/,max-image-preview:large,Life at Sterling & Wilson Data Center,docs/discovery/evidence/2026-10-07/d8c165a4e20020e7.json,Hold disposition; owner approves retain/redirect/retire after SEO evidence,,pending,fetched; classification provisional,curl.exe public HTTPS GET; no site code executed,https://sterlingandwilsondc.com/careers-2/,yes,Source text includes hidden/legacy blocks; not approved copy.
https://sterlingandwilsondc.com/careers/,careers-portal-link,careers-portal-link,https://sterlingandwilsondc.com/; https://sterlingandwilsondc.com/about-us/; https://sterlingandwilsondc.com/awards-recognitions/; https://sterlingandwilsondc.com/blogs/; https://sterlingandwilsondc.com/careers-2/; https://sterlingandwilsondc.com/careers/; https://sterlingandwilsondc.com/category/blog/; https://sterlingandwilsondc.com/contact/; https://sterlingandwilsondc.com/conventional-brick-mortar-data-center/; https://sterlingandwilsondc.com/corporate-governance/; https://sterlingandwilsondc.com/design-build/; https://sterlingandwilsondc.com/elementor-hf/my-custom-footer/; https://sterlingandwilsondc.com/events/; https://sterlingandwilsondc.com/faqs/; https://sterlingandwilsondc.com/home-2-copy/; https://sterlingandwilsondc.com/home-copy/; https://sterlingandwilsondc.com/home-duplicate/; https://sterlingandwilsondc.com/industry-memberships-and-recognitions/; https://sterlingandwilsondc.com/knowledge-corner/; https://sterlingandwilsondc.com/leadership/; https://sterlingandwilsondc.com/modular-construction/; https://sterlingandwilsondc.com/modular-data-centers/; https://sterlingandwilsondc.com/news-press-release/; https://sterlingandwilsondc.com/newsroom/; https://sterlingandwilsondc.com/om-services/; https://sterlingandwilsondc.com/our-team/; https://sterlingandwilsondc.com/portfolio-category/domestic/; https://sterlingandwilsondc.com/portfolio-category/domestic/page/2/; https://sterlingandwilsondc.com/portfolio-category/international/; https://sterlingandwilsondc.com/portfolios/bhamashah-state-data-center-jaipur-india/; https://sterlingandwilsondc.com/portfolios/colocation-data-center-navi-mumbai-india-2025/; https://sterlingandwilsondc.com/portfolios/edgnex-data-center-dammam-ksa-2021/; https://sterlingandwilsondc.com/portfolios/etisalat-db-telecom-mumbai-jaipur-ahmedabad-lucknow-ambala-india/; https://sterlingandwilsondc.com/portfolios/faisal-islamic-bank-cairo-egypt/; https://sterlingandwilsondc.com/portfolios/global-colocation-data-center-chennai-india/; https://sterlingandwilsondc.com/portfolios/global-colocation-data-center-navi-mumbai-india/; https://sterlingandwilsondc.com/portfolios/global-colocation-data-center-pune-india-2021/; https://sterlingandwilsondc.com/portfolios/hyperscaler-data-center-hyderabad-india/; https://sterlingandwilsondc.com/portfolios/hyperscaler-data-center-mumbai-india-2021/; https://sterlingandwilsondc.com/portfolios/mainone-dc-accra-ghana/; https://sterlingandwilsondc.com/portfolios/national-information-center-nic-hyderabad-india/; https://sterlingandwilsondc.com/portfolios/national-securities-depository-ltd-nsdl-bangalore-india/; https://sterlingandwilsondc.com/portfolios/national-stock-exchange-chennai-india/; https://sterlingandwilsondc.com/portfolios/raxio-dr-congo/; https://sterlingandwilsondc.com/portfolios/software-technology-parks-of-india-stpi/; https://sterlingandwilsondc.com/portfolios/telecom-egypt-cloud-hub-dc-cairo-egypt/; https://sterlingandwilsondc.com/portfolios/telecom-egypt-nn1-cairo-egypt/; https://sterlingandwilsondc.com/portfolios/vodafone-india-limited-chennai-india/; https://sterlingandwilsondc.com/portfolios/vodafone-vois-cairo-egypt/; https://sterlingandwilsondc.com/prefabricated-containerised-data-centers/; https://sterlingandwilsondc.com/privacy-policy/; https://sterlingandwilsondc.com/projects-2-copy/; https://sterlingandwilsondc.com/projects/; https://sterlingandwilsondc.com/sitemap_index.xml; https://sterlingandwilsondc.com/smart-operations-old-2/; https://sterlingandwilsondc.com/smart-operations/; https://sterlingandwilsondc.com/sustainable-execution-duplicate/; https://sterlingandwilsondc.com/sustainable-execution/; https://sterlingandwilsondc.com/team-category/it-technology/; https://sterlingandwilsondc.com/teams/awadhesh-sharma/; https://sterlingandwilsondc.com/teams/ninad-bhise/; https://sterlingandwilsondc.com/teams/p-v-prasanth/; https://sterlingandwilsondc.com/teams/prasanna-sarambale/; https://sterlingandwilsondc.com/teams/rahul-deshpande/; https://sterlingandwilsondc.com/teams/rajeev-roy/; https://sterlingandwilsondc.com/teams/ranjit-gajare/; https://sterlingandwilsondc.com/teams/ravindra-bapat/; https://sterlingandwilsondc.com/test-project-page/; https://sterlingandwilsondc.com/testimonial-category/business/; https://sterlingandwilsondc.com/testimonials/27356/; https://sterlingandwilsondc.com/testing-page/; https://sterlingandwilsondc.com/the-ai-infrastructure-race-why-future-data-centres-must-be-ai-ready/; https://sterlingandwilsondc.com/thumbnail-slider/; https://sterlingandwilsondc.com/wp-sitemap-posts-page-1.xml,2026-10-07T04:07:42+00:00,200,Careers – Sterling & Wilson Data Center,,https://sterlingandwilsondc.com/careers/,max-image-preview:large,Life at Sterling & Wilson Data Center,docs/discovery/evidence/2026-10-07/22fce228e9571e0b.json,Propose preserve exact URL and owner-approved content,https://sterlingandwilsondc.com/careers/,pending,fetched; classification provisional,curl.exe public HTTPS GET; no site code executed,https://sterlingandwilsondc.com/careers/,yes,Source text includes hidden/legacy blocks; not approved copy.
https://sterlingandwilsondc.com/category/blog/,taxonomy-archive,taxonomy-archive,https://sterlingandwilsondc.com/category/blog/; https://sterlingandwilsondc.com/wp-sitemap-taxonomies-category-1.xml,2026-10-07T04:08:44+00:00,200,Blog – Sterling & Wilson Data Center,,,max-image-preview:large,Category: Blog,docs/discovery/evidence/2026-10-07/62476263e2877e88.json,Hold disposition; owner approves retain/redirect/retire after SEO evidence,,pending,fetched; classification provisional,curl.exe public HTTPS GET; no site code executed,https://sterlingandwilsondc.com/category/blog/,yes,Source text includes hidden/legacy blocks; not approved copy.
https://sterlingandwilsondc.com/contact/,contact-enquiry,contact-enquiry,https://sterlingandwilsondc.com/; https://sterlingandwilsondc.com/about-us/; https://sterlingandwilsondc.com/awards-recognitions/; https://sterlingandwilsondc.com/blogs/; https://sterlingandwilsondc.com/careers-2/; https://sterlingandwilsondc.com/careers/; https://sterlingandwilsondc.com/category/blog/; https://sterlingandwilsondc.com/contact/; https://sterlingandwilsondc.com/conventional-brick-mortar-data-center/; https://sterlingandwilsondc.com/corporate-governance/; https://sterlingandwilsondc.com/design-build/; https://sterlingandwilsondc.com/elementor-hf/my-custom-footer/; https://sterlingandwilsondc.com/events/; https://sterlingandwilsondc.com/faqs/; https://sterlingandwilsondc.com/home-2-copy/; https://sterlingandwilsondc.com/home-copy/; https://sterlingandwilsondc.com/home-duplicate/; https://sterlingandwilsondc.com/industry-memberships-and-recognitions/; https://sterlingandwilsondc.com/knowledge-corner/; https://sterlingandwilsondc.com/leadership/; https://sterlingandwilsondc.com/modular-construction/; https://sterlingandwilsondc.com/modular-data-centers/; https://sterlingandwilsondc.com/news-press-release/; https://sterlingandwilsondc.com/newsroom/; https://sterlingandwilsondc.com/om-services/; https://sterlingandwilsondc.com/our-team/; https://sterlingandwilsondc.com/portfolio-category/domestic/; https://sterlingandwilsondc.com/portfolio-category/domestic/page/2/; https://sterlingandwilsondc.com/portfolio-category/international/; https://sterlingandwilsondc.com/portfolios/bhamashah-state-data-center-jaipur-india/; https://sterlingandwilsondc.com/portfolios/colocation-data-center-navi-mumbai-india-2025/; https://sterlingandwilsondc.com/portfolios/edgnex-data-center-dammam-ksa-2021/; https://sterlingandwilsondc.com/portfolios/etisalat-db-telecom-mumbai-jaipur-ahmedabad-lucknow-ambala-india/; https://sterlingandwilsondc.com/portfolios/faisal-islamic-bank-cairo-egypt/; https://sterlingandwilsondc.com/portfolios/global-colocation-data-center-chennai-india/; https://sterlingandwilsondc.com/portfolios/global-colocation-data-center-navi-mumbai-india/; https://sterlingandwilsondc.com/portfolios/global-colocation-data-center-pune-india-2021/; https://sterlingandwilsondc.com/portfolios/hyperscaler-data-center-hyderabad-india/; https://sterlingandwilsondc.com/portfolios/hyperscaler-data-center-mumbai-india-2021/; https://sterlingandwilsondc.com/portfolios/mainone-dc-accra-ghana/; https://sterlingandwilsondc.com/portfolios/national-information-center-nic-hyderabad-india/; https://sterlingandwilsondc.com/portfolios/national-securities-depository-ltd-nsdl-bangalore-india/; https://sterlingandwilsondc.com/portfolios/national-stock-exchange-chennai-india/; https://sterlingandwilsondc.com/portfolios/raxio-dr-congo/; https://sterlingandwilsondc.com/portfolios/software-technology-parks-of-india-stpi/; https://sterlingandwilsondc.com/portfolios/telecom-egypt-cloud-hub-dc-cairo-egypt/; https://sterlingandwilsondc.com/portfolios/telecom-egypt-nn1-cairo-egypt/; https://sterlingandwilsondc.com/portfolios/vodafone-india-limited-chennai-india/; https://sterlingandwilsondc.com/portfolios/vodafone-vois-cairo-egypt/; https://sterlingandwilsondc.com/prefabricated-containerised-data-centers/; https://sterlingandwilsondc.com/privacy-policy/; https://sterlingandwilsondc.com/projects-2-copy/; https://sterlingandwilsondc.com/projects/; https://sterlingandwilsondc.com/sitemap_index.xml; https://sterlingandwilsondc.com/smart-operations-old-2/; https://sterlingandwilsondc.com/smart-operations/; https://sterlingandwilsondc.com/sustainable-execution-duplicate/; https://sterlingandwilsondc.com/sustainable-execution/; https://sterlingandwilsondc.com/team-category/it-technology/; https://sterlingandwilsondc.com/teams/awadhesh-sharma/; https://sterlingandwilsondc.com/teams/ninad-bhise/; https://sterlingandwilsondc.com/teams/p-v-prasanth/; https://sterlingandwilsondc.com/teams/prasanna-sarambale/; https://sterlingandwilsondc.com/teams/rahul-deshpande/; https://sterlingandwilsondc.com/teams/rajeev-roy/; https://sterlingandwilsondc.com/teams/ranjit-gajare/; https://sterlingandwilsondc.com/teams/ravindra-bapat/; https://sterlingandwilsondc.com/test-project-page/; https://sterlingandwilsondc.com/testimonial-category/business/; https://sterlingandwilsondc.com/testimonials/27356/; https://sterlingandwilsondc.com/testing-page/; https://sterlingandwilsondc.com/the-ai-infrastructure-race-why-future-data-centres-must-be-ai-ready/; https://sterlingandwilsondc.com/thumbnail-slider/; https://sterlingandwilsondc.com/wp-sitemap-posts-page-1.xml,2026-10-07T04:07:49+00:00,200,Contact – Sterling & Wilson Data Center,,https://sterlingandwilsondc.com/contact/,max-image-preview:large,Connect With Our Experts,docs/discovery/evidence/2026-10-07/aa24a90819eaa631.json,Propose preserve exact URL and owner-approved content,https://sterlingandwilsondc.com/contact/,pending,fetched; classification provisional,curl.exe public HTTPS GET; no site code executed,https://sterlingandwilsondc.com/contact/,yes,Source text includes hidden/legacy blocks; not approved copy.
https://sterlingandwilsondc.com/conventional-brick-mortar-data-center/,missing-reference,missing-reference,https://sterlingandwilsondc.com/conventional-brick-mortar-data-center/; https://sterlingandwilsondc.com/home-2-copy/; https://sterlingandwilsondc.com/testing-page/,2026-10-07T04:08:29+00:00,404,Page not found – Sterling & Wilson Data Center,,,max-image-preview:large,The page can’t be found.,docs/discovery/evidence/2026-10-07/63b427cb79c15866.json,Owner to confirm intended replacement or deliberate 404; no redirect chosen,,pending,HTTP 404 observed,curl.exe public HTTPS GET; no site code executed,https://sterlingandwilsondc.com/conventional-brick-mortar-data-center/,no,Source text includes hidden/legacy blocks; not approved copy.
https://sterlingandwilsondc.com/corporate-governance/,governance-downloads,governance-downloads,https://sterlingandwilsondc.com/; https://sterlingandwilsondc.com/about-us/; https://sterlingandwilsondc.com/awards-recognitions/; https://sterlingandwilsondc.com/blogs/; https://sterlingandwilsondc.com/careers-2/; https://sterlingandwilsondc.com/careers/; https://sterlingandwilsondc.com/category/blog/; https://sterlingandwilsondc.com/contact/; https://sterlingandwilsondc.com/conventional-brick-mortar-data-center/; https://sterlingandwilsondc.com/corporate-governance/; https://sterlingandwilsondc.com/design-build/; https://sterlingandwilsondc.com/elementor-hf/my-custom-footer/; https://sterlingandwilsondc.com/events/; https://sterlingandwilsondc.com/faqs/; https://sterlingandwilsondc.com/home-2-copy/; https://sterlingandwilsondc.com/home-copy/; https://sterlingandwilsondc.com/home-duplicate/; https://sterlingandwilsondc.com/industry-memberships-and-recognitions/; https://sterlingandwilsondc.com/knowledge-corner/; https://sterlingandwilsondc.com/leadership/; https://sterlingandwilsondc.com/modular-construction/; https://sterlingandwilsondc.com/modular-data-centers/; https://sterlingandwilsondc.com/news-press-release/; https://sterlingandwilsondc.com/newsroom/; https://sterlingandwilsondc.com/om-services/; https://sterlingandwilsondc.com/our-team/; https://sterlingandwilsondc.com/portfolio-category/domestic/; https://sterlingandwilsondc.com/portfolio-category/domestic/page/2/; https://sterlingandwilsondc.com/portfolio-category/international/; https://sterlingandwilsondc.com/portfolios/bhamashah-state-data-center-jaipur-india/; https://sterlingandwilsondc.com/portfolios/colocation-data-center-navi-mumbai-india-2025/; https://sterlingandwilsondc.com/portfolios/edgnex-data-center-dammam-ksa-2021/; https://sterlingandwilsondc.com/portfolios/etisalat-db-telecom-mumbai-jaipur-ahmedabad-lucknow-ambala-india/; https://sterlingandwilsondc.com/portfolios/faisal-islamic-bank-cairo-egypt/; https://sterlingandwilsondc.com/portfolios/global-colocation-data-center-chennai-india/; https://sterlingandwilsondc.com/portfolios/global-colocation-data-center-navi-mumbai-india/; https://sterlingandwilsondc.com/portfolios/global-colocation-data-center-pune-india-2021/; https://sterlingandwilsondc.com/portfolios/hyperscaler-data-center-hyderabad-india/; https://sterlingandwilsondc.com/portfolios/hyperscaler-data-center-mumbai-india-2021/; https://sterlingandwilsondc.com/portfolios/mainone-dc-accra-ghana/; https://sterlingandwilsondc.com/portfolios/national-information-center-nic-hyderabad-india/; https://sterlingandwilsondc.com/portfolios/national-securities-depository-ltd-nsdl-bangalore-india/; https://sterlingandwilsondc.com/portfolios/national-stock-exchange-chennai-india/; https://sterlingandwilsondc.com/portfolios/raxio-dr-congo/; https://sterlingandwilsondc.com/portfolios/software-technology-parks-of-india-stpi/; https://sterlingandwilsondc.com/portfolios/telecom-egypt-cloud-hub-dc-cairo-egypt/; https://sterlingandwilsondc.com/portfolios/telecom-egypt-nn1-cairo-egypt/; https://sterlingandwilsondc.com/portfolios/vodafone-india-limited-chennai-india/; https://sterlingandwilsondc.com/portfolios/vodafone-vois-cairo-egypt/; https://sterlingandwilsondc.com/prefabricated-containerised-data-centers/; https://sterlingandwilsondc.com/privacy-policy/; https://sterlingandwilsondc.com/projects-2-copy/; https://sterlingandwilsondc.com/projects/; https://sterlingandwilsondc.com/sitemap_index.xml; https://sterlingandwilsondc.com/smart-operations-old-2/; https://sterlingandwilsondc.com/smart-operations/; https://sterlingandwilsondc.com/sustainable-execution-duplicate/; https://sterlingandwilsondc.com/sustainable-execution/; https://sterlingandwilsondc.com/team-category/it-technology/; https://sterlingandwilsondc.com/teams/awadhesh-sharma/; https://sterlingandwilsondc.com/teams/ninad-bhise/; https://sterlingandwilsondc.com/teams/p-v-prasanth/; https://sterlingandwilsondc.com/teams/prasanna-sarambale/; https://sterlingandwilsondc.com/teams/rahul-deshpande/; https://sterlingandwilsondc.com/teams/rajeev-roy/; https://sterlingandwilsondc.com/teams/ranjit-gajare/; https://sterlingandwilsondc.com/teams/ravindra-bapat/; https://sterlingandwilsondc.com/test-project-page/; https://sterlingandwilsondc.com/testimonial-category/business/; https://sterlingandwilsondc.com/testimonials/27356/; https://sterlingandwilsondc.com/testing-page/; https://sterlingandwilsondc.com/the-ai-infrastructure-race-why-future-data-centres-must-be-ai-ready/; https://sterlingandwilsondc.com/thumbnail-slider/; https://sterlingandwilsondc.com/wp-sitemap-posts-page-1.xml,2026-10-07T04:07:50+00:00,200,Corporate Governance – Sterling & Wilson Data Center,,https://sterlingandwilsondc.com/corporate-governance/,max-image-preview:large,,docs/discovery/evidence/2026-10-07/b7fb809bdc7127f2.json,Propose preserve exact URL and owner-approved content,https://sterlingandwilsondc.com/corporate-governance/,pending,fetched; classification provisional,curl.exe public HTTPS GET; no site code executed,https://sterlingandwilsondc.com/corporate-governance/,yes,Source text includes hidden/legacy blocks; not approved copy.
https://sterlingandwilsondc.com/design-build/,service-landing (page-specific sections),service-landing (page-specific sections),https://sterlingandwilsondc.com/; https://sterlingandwilsondc.com/about-us/; https://sterlingandwilsondc.com/awards-recognitions/; https://sterlingandwilsondc.com/blogs/; https://sterlingandwilsondc.com/careers-2/; https://sterlingandwilsondc.com/careers/; https://sterlingandwilsondc.com/category/blog/; https://sterlingandwilsondc.com/contact/; https://sterlingandwilsondc.com/conventional-brick-mortar-data-center/; https://sterlingandwilsondc.com/corporate-governance/; https://sterlingandwilsondc.com/design-build/; https://sterlingandwilsondc.com/elementor-hf/my-custom-footer/; https://sterlingandwilsondc.com/events/; https://sterlingandwilsondc.com/faqs/; https://sterlingandwilsondc.com/home-2-copy/; https://sterlingandwilsondc.com/home-copy/; https://sterlingandwilsondc.com/home-duplicate/; https://sterlingandwilsondc.com/industry-memberships-and-recognitions/; https://sterlingandwilsondc.com/knowledge-corner/; https://sterlingandwilsondc.com/leadership/; https://sterlingandwilsondc.com/modular-construction/; https://sterlingandwilsondc.com/modular-data-centers/; https://sterlingandwilsondc.com/news-press-release/; https://sterlingandwilsondc.com/newsroom/; https://sterlingandwilsondc.com/om-services/; https://sterlingandwilsondc.com/our-team/; https://sterlingandwilsondc.com/portfolio-category/domestic/; https://sterlingandwilsondc.com/portfolio-category/domestic/page/2/; https://sterlingandwilsondc.com/portfolio-category/international/; https://sterlingandwilsondc.com/portfolios/bhamashah-state-data-center-jaipur-india/; https://sterlingandwilsondc.com/portfolios/colocation-data-center-navi-mumbai-india-2025/; https://sterlingandwilsondc.com/portfolios/edgnex-data-center-dammam-ksa-2021/; https://sterlingandwilsondc.com/portfolios/etisalat-db-telecom-mumbai-jaipur-ahmedabad-lucknow-ambala-india/; https://sterlingandwilsondc.com/portfolios/faisal-islamic-bank-cairo-egypt/; https://sterlingandwilsondc.com/portfolios/global-colocation-data-center-chennai-india/; https://sterlingandwilsondc.com/portfolios/global-colocation-data-center-navi-mumbai-india/; https://sterlingandwilsondc.com/portfolios/global-colocation-data-center-pune-india-2021/; https://sterlingandwilsondc.com/portfolios/hyperscaler-data-center-hyderabad-india/; https://sterlingandwilsondc.com/portfolios/hyperscaler-data-center-mumbai-india-2021/; https://sterlingandwilsondc.com/portfolios/mainone-dc-accra-ghana/; https://sterlingandwilsondc.com/portfolios/national-information-center-nic-hyderabad-india/; https://sterlingandwilsondc.com/portfolios/national-securities-depository-ltd-nsdl-bangalore-india/; https://sterlingandwilsondc.com/portfolios/national-stock-exchange-chennai-india/; https://sterlingandwilsondc.com/portfolios/raxio-dr-congo/; https://sterlingandwilsondc.com/portfolios/software-technology-parks-of-india-stpi/; https://sterlingandwilsondc.com/portfolios/telecom-egypt-cloud-hub-dc-cairo-egypt/; https://sterlingandwilsondc.com/portfolios/telecom-egypt-nn1-cairo-egypt/; https://sterlingandwilsondc.com/portfolios/vodafone-india-limited-chennai-india/; https://sterlingandwilsondc.com/portfolios/vodafone-vois-cairo-egypt/; https://sterlingandwilsondc.com/prefabricated-containerised-data-centers/; https://sterlingandwilsondc.com/privacy-policy/; https://sterlingandwilsondc.com/projects-2-copy/; https://sterlingandwilsondc.com/projects/; https://sterlingandwilsondc.com/sitemap_index.xml; https://sterlingandwilsondc.com/smart-operations-old-2/; https://sterlingandwilsondc.com/smart-operations/; https://sterlingandwilsondc.com/sustainable-execution-duplicate/; https://sterlingandwilsondc.com/sustainable-execution/; https://sterlingandwilsondc.com/team-category/it-technology/; https://sterlingandwilsondc.com/teams/awadhesh-sharma/; https://sterlingandwilsondc.com/teams/ninad-bhise/; https://sterlingandwilsondc.com/teams/p-v-prasanth/; https://sterlingandwilsondc.com/teams/prasanna-sarambale/; https://sterlingandwilsondc.com/teams/rahul-deshpande/; https://sterlingandwilsondc.com/teams/rajeev-roy/; https://sterlingandwilsondc.com/teams/ranjit-gajare/; https://sterlingandwilsondc.com/teams/ravindra-bapat/; https://sterlingandwilsondc.com/test-project-page/; https://sterlingandwilsondc.com/testimonial-category/business/; https://sterlingandwilsondc.com/testimonials/27356/; https://sterlingandwilsondc.com/testing-page/; https://sterlingandwilsondc.com/the-ai-infrastructure-race-why-future-data-centres-must-be-ai-ready/; https://sterlingandwilsondc.com/thumbnail-slider/; https://sterlingandwilsondc.com/wp-sitemap-posts-page-1.xml,2026-10-07T04:07:50+00:00,200,Design & Build – Sterling & Wilson Data Center,,https://sterlingandwilsondc.com/design-build/,max-image-preview:large,From Vision to Reality,docs/discovery/evidence/2026-10-07/9e47bf7407643f13.json,Propose preserve exact URL and owner-approved content,https://sterlingandwilsondc.com/design-build/,pending,fetched; classification provisional,curl.exe public HTTPS GET; no site code executed,https://sterlingandwilsondc.com/design-build/,yes,Source text includes hidden/legacy blocks; not approved copy.
https://sterlingandwilsondc.com/elementor-hf/my-custom-footer/,published-template-redirect,published-template-redirect,https://sterlingandwilsondc.com/wp-sitemap-posts-elementor-hf-1.xml,2026-10-07T04:08:26+00:00,200,"Sterling & Wilson Data Center – Your trusted partner in designing, building and managing world-class data centers",,https://sterlingandwilsondc.com/,max-image-preview:large,Services | Our Company | Measurable Impact | Projects | Awards & Recognitions | Client Testimonials | Our Presence,docs/discovery/evidence/2026-10-07/28f5bd0857dc9030.json,Review existing redirect and intended disposition,https://sterlingandwilsondc.com/,pending,fetched; classification provisional,curl.exe public HTTPS GET; no site code executed,https://sterlingandwilsondc.com/,yes,Source text includes hidden/legacy blocks; not approved copy.
https://sterlingandwilsondc.com/events/,event-media-galleries,event-media-galleries,https://sterlingandwilsondc.com/; https://sterlingandwilsondc.com/about-us/; https://sterlingandwilsondc.com/awards-recognitions/; https://sterlingandwilsondc.com/blogs/; https://sterlingandwilsondc.com/careers-2/; https://sterlingandwilsondc.com/careers/; https://sterlingandwilsondc.com/category/blog/; https://sterlingandwilsondc.com/contact/; https://sterlingandwilsondc.com/conventional-brick-mortar-data-center/; https://sterlingandwilsondc.com/corporate-governance/; https://sterlingandwilsondc.com/design-build/; https://sterlingandwilsondc.com/elementor-hf/my-custom-footer/; https://sterlingandwilsondc.com/events/; https://sterlingandwilsondc.com/faqs/; https://sterlingandwilsondc.com/home-2-copy/; https://sterlingandwilsondc.com/home-copy/; https://sterlingandwilsondc.com/home-duplicate/; https://sterlingandwilsondc.com/industry-memberships-and-recognitions/; https://sterlingandwilsondc.com/knowledge-corner/; https://sterlingandwilsondc.com/leadership/; https://sterlingandwilsondc.com/modular-construction/; https://sterlingandwilsondc.com/modular-data-centers/; https://sterlingandwilsondc.com/news-press-release/; https://sterlingandwilsondc.com/newsroom/; https://sterlingandwilsondc.com/om-services/; https://sterlingandwilsondc.com/our-team/; https://sterlingandwilsondc.com/portfolio-category/domestic/; https://sterlingandwilsondc.com/portfolio-category/domestic/page/2/; https://sterlingandwilsondc.com/portfolio-category/international/; https://sterlingandwilsondc.com/portfolios/bhamashah-state-data-center-jaipur-india/; https://sterlingandwilsondc.com/portfolios/colocation-data-center-navi-mumbai-india-2025/; https://sterlingandwilsondc.com/portfolios/edgnex-data-center-dammam-ksa-2021/; https://sterlingandwilsondc.com/portfolios/etisalat-db-telecom-mumbai-jaipur-ahmedabad-lucknow-ambala-india/; https://sterlingandwilsondc.com/portfolios/faisal-islamic-bank-cairo-egypt/; https://sterlingandwilsondc.com/portfolios/global-colocation-data-center-chennai-india/; https://sterlingandwilsondc.com/portfolios/global-colocation-data-center-navi-mumbai-india/; https://sterlingandwilsondc.com/portfolios/global-colocation-data-center-pune-india-2021/; https://sterlingandwilsondc.com/portfolios/hyperscaler-data-center-hyderabad-india/; https://sterlingandwilsondc.com/portfolios/hyperscaler-data-center-mumbai-india-2021/; https://sterlingandwilsondc.com/portfolios/mainone-dc-accra-ghana/; https://sterlingandwilsondc.com/portfolios/national-information-center-nic-hyderabad-india/; https://sterlingandwilsondc.com/portfolios/national-securities-depository-ltd-nsdl-bangalore-india/; https://sterlingandwilsondc.com/portfolios/national-stock-exchange-chennai-india/; https://sterlingandwilsondc.com/portfolios/raxio-dr-congo/; https://sterlingandwilsondc.com/portfolios/software-technology-parks-of-india-stpi/; https://sterlingandwilsondc.com/portfolios/telecom-egypt-cloud-hub-dc-cairo-egypt/; https://sterlingandwilsondc.com/portfolios/telecom-egypt-nn1-cairo-egypt/; https://sterlingandwilsondc.com/portfolios/vodafone-india-limited-chennai-india/; https://sterlingandwilsondc.com/portfolios/vodafone-vois-cairo-egypt/; https://sterlingandwilsondc.com/prefabricated-containerised-data-centers/; https://sterlingandwilsondc.com/privacy-policy/; https://sterlingandwilsondc.com/projects-2-copy/; https://sterlingandwilsondc.com/projects/; https://sterlingandwilsondc.com/sitemap_index.xml; https://sterlingandwilsondc.com/smart-operations-old-2/; https://sterlingandwilsondc.com/smart-operations/; https://sterlingandwilsondc.com/sustainable-execution-duplicate/; https://sterlingandwilsondc.com/sustainable-execution/; https://sterlingandwilsondc.com/team-category/it-technology/; https://sterlingandwilsondc.com/teams/awadhesh-sharma/; https://sterlingandwilsondc.com/teams/ninad-bhise/; https://sterlingandwilsondc.com/teams/p-v-prasanth/; https://sterlingandwilsondc.com/teams/prasanna-sarambale/; https://sterlingandwilsondc.com/teams/rahul-deshpande/; https://sterlingandwilsondc.com/teams/rajeev-roy/; https://sterlingandwilsondc.com/teams/ranjit-gajare/; https://sterlingandwilsondc.com/teams/ravindra-bapat/; https://sterlingandwilsondc.com/test-project-page/; https://sterlingandwilsondc.com/testimonial-category/business/; https://sterlingandwilsondc.com/testimonials/27356/; https://sterlingandwilsondc.com/testing-page/; https://sterlingandwilsondc.com/the-ai-infrastructure-race-why-future-data-centres-must-be-ai-ready/; https://sterlingandwilsondc.com/thumbnail-slider/; https://sterlingandwilsondc.com/wp-sitemap-posts-page-1.xml,2026-10-07T04:07:50+00:00,200,Events – Sterling & Wilson Data Center,,https://sterlingandwilsondc.com/events/,max-image-preview:large,,docs/discovery/evidence/2026-10-07/b6176962409ee39e.json,Propose preserve exact URL and owner-approved content,https://sterlingandwilsondc.com/events/,pending,fetched; classification provisional,curl.exe public HTTPS GET; no site code executed,https://sterlingandwilsondc.com/events/,yes,Source text includes hidden/legacy blocks; not approved copy.
https://sterlingandwilsondc.com/faqs/,legacy-faq,legacy-faq,https://sterlingandwilsondc.com/faqs/; https://sterlingandwilsondc.com/wp-sitemap-posts-page-1.xml,2026-10-07T04:08:26+00:00,200,FAQs – Sterling & Wilson Data Center,,https://sterlingandwilsondc.com/faqs/,max-image-preview:large,FAQs,docs/discovery/evidence/2026-10-07/488881eec7e3f0e9.json,Hold disposition; owner approves retain/redirect/retire after SEO evidence,,pending,fetched; classification provisional,curl.exe public HTTPS GET; no site code executed,https://sterlingandwilsondc.com/faqs/,yes,Source text includes hidden/legacy blocks; not approved copy.
https://sterlingandwilsondc.com/home-2-copy/,legacy-or-duplicate (approval required),legacy-or-duplicate (approval required),https://sterlingandwilsondc.com/home-2-copy/; https://sterlingandwilsondc.com/wp-sitemap-posts-page-1.xml,2026-10-07T04:08:26+00:00,200,Home-2 copy – Sterling & Wilson Data Center,,https://sterlingandwilsondc.com/home-2-copy/,max-image-preview:large,"Home-2 copy | Services | Our Company | Our Company | Measurable Impact | Projects | Awards & Recognitions | AWARDS | COMPLETION CERTIFICATE AND SAFETY AWARD, VODAFONE CHENNAI | CERTIFICATION OF ACHIEVEMENT NXTRA CERTIFICATE | Client Testimonials | Client Testimonials | Client Testimonials | Our Presence",docs/discovery/evidence/2026-10-07/35143a53b958a9cf.json,Hold disposition; owner approves retain/redirect/retire after SEO evidence,,pending,fetched; classification provisional,curl.exe public HTTPS GET; no site code executed,https://sterlingandwilsondc.com/home-2-copy/,yes,Source text includes hidden/legacy blocks; not approved copy.
https://sterlingandwilsondc.com/home-copy/,legacy-or-duplicate (approval required),legacy-or-duplicate (approval required),https://sterlingandwilsondc.com/home-copy/; https://sterlingandwilsondc.com/wp-sitemap-posts-page-1.xml,2026-10-07T04:08:29+00:00,200,Home-copy – Sterling & Wilson Data Center,,https://sterlingandwilsondc.com/home-copy/,max-image-preview:large,Services | Our Company | Measurable Impact | Projects | Awards & Recognitions | Client Testimonials | Our Presence,docs/discovery/evidence/2026-10-07/c9ba739bb678873c.json,Hold disposition; owner approves retain/redirect/retire after SEO evidence,,pending,fetched; classification provisional,curl.exe public HTTPS GET; no site code executed,https://sterlingandwilsondc.com/home-copy/,yes,Source text includes hidden/legacy blocks; not approved copy.
https://sterlingandwilsondc.com/home-duplicate/,legacy-or-duplicate (approval required),legacy-or-duplicate (approval required),https://sterlingandwilsondc.com/home-duplicate/; https://sterlingandwilsondc.com/wp-sitemap-posts-page-1.xml,2026-10-07T04:08:29+00:00,200,Home – Duplicate – Sterling & Wilson Data Center,,https://sterlingandwilsondc.com/home-duplicate/,max-image-preview:large,Home – Duplicate | Services | Our Company | Measurable Impact | Projects | Awards & Recognitions | Client Testimonials | Our Presence,docs/discovery/evidence/2026-10-07/5a3ee58bd1636f6f.json,Hold disposition; owner approves retain/redirect/retire after SEO evidence,,pending,fetched; classification provisional,curl.exe public HTTPS GET; no site code executed,https://sterlingandwilsondc.com/home-duplicate/,yes,Source text includes hidden/legacy blocks; not approved copy.
https://sterlingandwilsondc.com/industry-memberships-and-recognitions/,membership-gallery,membership-gallery,https://sterlingandwilsondc.com/; https://sterlingandwilsondc.com/about-us/; https://sterlingandwilsondc.com/awards-recognitions/; https://sterlingandwilsondc.com/blogs/; https://sterlingandwilsondc.com/careers-2/; https://sterlingandwilsondc.com/careers/; https://sterlingandwilsondc.com/category/blog/; https://sterlingandwilsondc.com/contact/; https://sterlingandwilsondc.com/conventional-brick-mortar-data-center/; https://sterlingandwilsondc.com/corporate-governance/; https://sterlingandwilsondc.com/design-build/; https://sterlingandwilsondc.com/elementor-hf/my-custom-footer/; https://sterlingandwilsondc.com/events/; https://sterlingandwilsondc.com/faqs/; https://sterlingandwilsondc.com/home-2-copy/; https://sterlingandwilsondc.com/home-copy/; https://sterlingandwilsondc.com/home-duplicate/; https://sterlingandwilsondc.com/industry-memberships-and-recognitions/; https://sterlingandwilsondc.com/knowledge-corner/; https://sterlingandwilsondc.com/leadership/; https://sterlingandwilsondc.com/modular-construction/; https://sterlingandwilsondc.com/modular-data-centers/; https://sterlingandwilsondc.com/news-press-release/; https://sterlingandwilsondc.com/newsroom/; https://sterlingandwilsondc.com/om-services/; https://sterlingandwilsondc.com/our-team/; https://sterlingandwilsondc.com/portfolio-category/domestic/; https://sterlingandwilsondc.com/portfolio-category/domestic/page/2/; https://sterlingandwilsondc.com/portfolio-category/international/; https://sterlingandwilsondc.com/portfolios/bhamashah-state-data-center-jaipur-india/; https://sterlingandwilsondc.com/portfolios/colocation-data-center-navi-mumbai-india-2025/; https://sterlingandwilsondc.com/portfolios/edgnex-data-center-dammam-ksa-2021/; https://sterlingandwilsondc.com/portfolios/etisalat-db-telecom-mumbai-jaipur-ahmedabad-lucknow-ambala-india/; https://sterlingandwilsondc.com/portfolios/faisal-islamic-bank-cairo-egypt/; https://sterlingandwilsondc.com/portfolios/global-colocation-data-center-chennai-india/; https://sterlingandwilsondc.com/portfolios/global-colocation-data-center-navi-mumbai-india/; https://sterlingandwilsondc.com/portfolios/global-colocation-data-center-pune-india-2021/; https://sterlingandwilsondc.com/portfolios/hyperscaler-data-center-hyderabad-india/; https://sterlingandwilsondc.com/portfolios/hyperscaler-data-center-mumbai-india-2021/; https://sterlingandwilsondc.com/portfolios/mainone-dc-accra-ghana/; https://sterlingandwilsondc.com/portfolios/national-information-center-nic-hyderabad-india/; https://sterlingandwilsondc.com/portfolios/national-securities-depository-ltd-nsdl-bangalore-india/; https://sterlingandwilsondc.com/portfolios/national-stock-exchange-chennai-india/; https://sterlingandwilsondc.com/portfolios/raxio-dr-congo/; https://sterlingandwilsondc.com/portfolios/software-technology-parks-of-india-stpi/; https://sterlingandwilsondc.com/portfolios/telecom-egypt-cloud-hub-dc-cairo-egypt/; https://sterlingandwilsondc.com/portfolios/telecom-egypt-nn1-cairo-egypt/; https://sterlingandwilsondc.com/portfolios/vodafone-india-limited-chennai-india/; https://sterlingandwilsondc.com/portfolios/vodafone-vois-cairo-egypt/; https://sterlingandwilsondc.com/prefabricated-containerised-data-centers/; https://sterlingandwilsondc.com/privacy-policy/; https://sterlingandwilsondc.com/projects-2-copy/; https://sterlingandwilsondc.com/projects/; https://sterlingandwilsondc.com/sitemap_index.xml; https://sterlingandwilsondc.com/smart-operations-old-2/; https://sterlingandwilsondc.com/smart-operations/; https://sterlingandwilsondc.com/sustainable-execution-duplicate/; https://sterlingandwilsondc.com/sustainable-execution/; https://sterlingandwilsondc.com/team-category/it-technology/; https://sterlingandwilsondc.com/teams/awadhesh-sharma/; https://sterlingandwilsondc.com/teams/ninad-bhise/; https://sterlingandwilsondc.com/teams/p-v-prasanth/; https://sterlingandwilsondc.com/teams/prasanna-sarambale/; https://sterlingandwilsondc.com/teams/rahul-deshpande/; https://sterlingandwilsondc.com/teams/rajeev-roy/; https://sterlingandwilsondc.com/teams/ranjit-gajare/; https://sterlingandwilsondc.com/teams/ravindra-bapat/; https://sterlingandwilsondc.com/test-project-page/; https://sterlingandwilsondc.com/testimonial-category/business/; https://sterlingandwilsondc.com/testimonials/27356/; https://sterlingandwilsondc.com/testing-page/; https://sterlingandwilsondc.com/the-ai-infrastructure-race-why-future-data-centres-must-be-ai-ready/; https://sterlingandwilsondc.com/thumbnail-slider/; https://sterlingandwilsondc.com/wp-sitemap-posts-page-1.xml,2026-10-07T04:07:55+00:00,200,Industry Memberships and Recognitions – Sterling & Wilson Data Center,,https://sterlingandwilsondc.com/industry-memberships-and-recognitions/,max-image-preview:large,,docs/discovery/evidence/2026-10-07/c548b13d1dc4a24d.json,Propose preserve exact URL and owner-approved content,https://sterlingandwilsondc.com/industry-memberships-and-recognitions/,pending,fetched; classification provisional,curl.exe public HTTPS GET; no site code executed,https://sterlingandwilsondc.com/industry-memberships-and-recognitions/,yes,Source text includes hidden/legacy blocks; not approved copy.
https://sterlingandwilsondc.com/knowledge-corner/,legacy-or-duplicate (approval required),legacy-or-duplicate (approval required),https://sterlingandwilsondc.com/knowledge-corner/; https://sterlingandwilsondc.com/wp-sitemap-posts-page-1.xml,2026-10-07T04:08:29+00:00,200,Knowledge Corner – Sterling & Wilson Data Center,,https://sterlingandwilsondc.com/knowledge-corner/,max-image-preview:large,,docs/discovery/evidence/2026-10-07/057f8396bb204123.json,Hold disposition; owner approves retain/redirect/retire after SEO evidence,,pending,fetched; classification provisional,curl.exe public HTTPS GET; no site code executed,https://sterlingandwilsondc.com/knowledge-corner/,yes,Source text includes hidden/legacy blocks; not approved copy.
https://sterlingandwilsondc.com/leadership/,leadership-listing,leadership-listing,https://sterlingandwilsondc.com/; https://sterlingandwilsondc.com/about-us/; https://sterlingandwilsondc.com/awards-recognitions/; https://sterlingandwilsondc.com/blogs/; https://sterlingandwilsondc.com/careers-2/; https://sterlingandwilsondc.com/careers/; https://sterlingandwilsondc.com/category/blog/; https://sterlingandwilsondc.com/contact/; https://sterlingandwilsondc.com/conventional-brick-mortar-data-center/; https://sterlingandwilsondc.com/corporate-governance/; https://sterlingandwilsondc.com/design-build/; https://sterlingandwilsondc.com/elementor-hf/my-custom-footer/; https://sterlingandwilsondc.com/events/; https://sterlingandwilsondc.com/faqs/; https://sterlingandwilsondc.com/home-2-copy/; https://sterlingandwilsondc.com/home-copy/; https://sterlingandwilsondc.com/home-duplicate/; https://sterlingandwilsondc.com/industry-memberships-and-recognitions/; https://sterlingandwilsondc.com/knowledge-corner/; https://sterlingandwilsondc.com/leadership/; https://sterlingandwilsondc.com/modular-construction/; https://sterlingandwilsondc.com/modular-data-centers/; https://sterlingandwilsondc.com/news-press-release/; https://sterlingandwilsondc.com/newsroom/; https://sterlingandwilsondc.com/om-services/; https://sterlingandwilsondc.com/our-team/; https://sterlingandwilsondc.com/portfolio-category/domestic/; https://sterlingandwilsondc.com/portfolio-category/domestic/page/2/; https://sterlingandwilsondc.com/portfolio-category/international/; https://sterlingandwilsondc.com/portfolios/bhamashah-state-data-center-jaipur-india/; https://sterlingandwilsondc.com/portfolios/colocation-data-center-navi-mumbai-india-2025/; https://sterlingandwilsondc.com/portfolios/edgnex-data-center-dammam-ksa-2021/; https://sterlingandwilsondc.com/portfolios/etisalat-db-telecom-mumbai-jaipur-ahmedabad-lucknow-ambala-india/; https://sterlingandwilsondc.com/portfolios/faisal-islamic-bank-cairo-egypt/; https://sterlingandwilsondc.com/portfolios/global-colocation-data-center-chennai-india/; https://sterlingandwilsondc.com/portfolios/global-colocation-data-center-navi-mumbai-india/; https://sterlingandwilsondc.com/portfolios/global-colocation-data-center-pune-india-2021/; https://sterlingandwilsondc.com/portfolios/hyperscaler-data-center-hyderabad-india/; https://sterlingandwilsondc.com/portfolios/hyperscaler-data-center-mumbai-india-2021/; https://sterlingandwilsondc.com/portfolios/mainone-dc-accra-ghana/; https://sterlingandwilsondc.com/portfolios/national-information-center-nic-hyderabad-india/; https://sterlingandwilsondc.com/portfolios/national-securities-depository-ltd-nsdl-bangalore-india/; https://sterlingandwilsondc.com/portfolios/national-stock-exchange-chennai-india/; https://sterlingandwilsondc.com/portfolios/raxio-dr-congo/; https://sterlingandwilsondc.com/portfolios/software-technology-parks-of-india-stpi/; https://sterlingandwilsondc.com/portfolios/telecom-egypt-cloud-hub-dc-cairo-egypt/; https://sterlingandwilsondc.com/portfolios/telecom-egypt-nn1-cairo-egypt/; https://sterlingandwilsondc.com/portfolios/vodafone-india-limited-chennai-india/; https://sterlingandwilsondc.com/portfolios/vodafone-vois-cairo-egypt/; https://sterlingandwilsondc.com/prefabricated-containerised-data-centers/; https://sterlingandwilsondc.com/privacy-policy/; https://sterlingandwilsondc.com/projects-2-copy/; https://sterlingandwilsondc.com/projects/; https://sterlingandwilsondc.com/sitemap_index.xml; https://sterlingandwilsondc.com/smart-operations-old-2/; https://sterlingandwilsondc.com/smart-operations/; https://sterlingandwilsondc.com/sustainable-execution-duplicate/; https://sterlingandwilsondc.com/sustainable-execution/; https://sterlingandwilsondc.com/team-category/it-technology/; https://sterlingandwilsondc.com/teams/awadhesh-sharma/; https://sterlingandwilsondc.com/teams/ninad-bhise/; https://sterlingandwilsondc.com/teams/p-v-prasanth/; https://sterlingandwilsondc.com/teams/prasanna-sarambale/; https://sterlingandwilsondc.com/teams/rahul-deshpande/; https://sterlingandwilsondc.com/teams/rajeev-roy/; https://sterlingandwilsondc.com/teams/ranjit-gajare/; https://sterlingandwilsondc.com/teams/ravindra-bapat/; https://sterlingandwilsondc.com/test-project-page/; https://sterlingandwilsondc.com/testimonial-category/business/; https://sterlingandwilsondc.com/testimonials/27356/; https://sterlingandwilsondc.com/testing-page/; https://sterlingandwilsondc.com/the-ai-infrastructure-race-why-future-data-centres-must-be-ai-ready/; https://sterlingandwilsondc.com/thumbnail-slider/; https://sterlingandwilsondc.com/wp-sitemap-posts-page-1.xml,2026-10-07T04:07:55+00:00,200,Leadership – Sterling & Wilson Data Center,,https://sterlingandwilsondc.com/leadership/,max-image-preview:large,,docs/discovery/evidence/2026-10-07/919ed249c8460f7f.json,Propose preserve exact URL and owner-approved content,https://sterlingandwilsondc.com/leadership/,pending,fetched; classification provisional,curl.exe public HTTPS GET; no site code executed,https://sterlingandwilsondc.com/leadership/,yes,Source text includes hidden/legacy blocks; not approved copy.
https://sterlingandwilsondc.com/modular-construction/,service-landing (page-specific sections),service-landing (page-specific sections),https://sterlingandwilsondc.com/; https://sterlingandwilsondc.com/about-us/; https://sterlingandwilsondc.com/awards-recognitions/; https://sterlingandwilsondc.com/blogs/; https://sterlingandwilsondc.com/careers-2/; https://sterlingandwilsondc.com/careers/; https://sterlingandwilsondc.com/category/blog/; https://sterlingandwilsondc.com/contact/; https://sterlingandwilsondc.com/conventional-brick-mortar-data-center/; https://sterlingandwilsondc.com/corporate-governance/; https://sterlingandwilsondc.com/design-build/; https://sterlingandwilsondc.com/elementor-hf/my-custom-footer/; https://sterlingandwilsondc.com/events/; https://sterlingandwilsondc.com/faqs/; https://sterlingandwilsondc.com/home-2-copy/; https://sterlingandwilsondc.com/home-copy/; https://sterlingandwilsondc.com/home-duplicate/; https://sterlingandwilsondc.com/industry-memberships-and-recognitions/; https://sterlingandwilsondc.com/knowledge-corner/; https://sterlingandwilsondc.com/leadership/; https://sterlingandwilsondc.com/modular-construction/; https://sterlingandwilsondc.com/modular-data-centers/; https://sterlingandwilsondc.com/news-press-release/; https://sterlingandwilsondc.com/newsroom/; https://sterlingandwilsondc.com/om-services/; https://sterlingandwilsondc.com/our-team/; https://sterlingandwilsondc.com/portfolio-category/domestic/; https://sterlingandwilsondc.com/portfolio-category/domestic/page/2/; https://sterlingandwilsondc.com/portfolio-category/international/; https://sterlingandwilsondc.com/portfolios/bhamashah-state-data-center-jaipur-india/; https://sterlingandwilsondc.com/portfolios/colocation-data-center-navi-mumbai-india-2025/; https://sterlingandwilsondc.com/portfolios/edgnex-data-center-dammam-ksa-2021/; https://sterlingandwilsondc.com/portfolios/etisalat-db-telecom-mumbai-jaipur-ahmedabad-lucknow-ambala-india/; https://sterlingandwilsondc.com/portfolios/faisal-islamic-bank-cairo-egypt/; https://sterlingandwilsondc.com/portfolios/global-colocation-data-center-chennai-india/; https://sterlingandwilsondc.com/portfolios/global-colocation-data-center-navi-mumbai-india/; https://sterlingandwilsondc.com/portfolios/global-colocation-data-center-pune-india-2021/; https://sterlingandwilsondc.com/portfolios/hyperscaler-data-center-hyderabad-india/; https://sterlingandwilsondc.com/portfolios/hyperscaler-data-center-mumbai-india-2021/; https://sterlingandwilsondc.com/portfolios/mainone-dc-accra-ghana/; https://sterlingandwilsondc.com/portfolios/national-information-center-nic-hyderabad-india/; https://sterlingandwilsondc.com/portfolios/national-securities-depository-ltd-nsdl-bangalore-india/; https://sterlingandwilsondc.com/portfolios/national-stock-exchange-chennai-india/; https://sterlingandwilsondc.com/portfolios/raxio-dr-congo/; https://sterlingandwilsondc.com/portfolios/software-technology-parks-of-india-stpi/; https://sterlingandwilsondc.com/portfolios/telecom-egypt-cloud-hub-dc-cairo-egypt/; https://sterlingandwilsondc.com/portfolios/telecom-egypt-nn1-cairo-egypt/; https://sterlingandwilsondc.com/portfolios/vodafone-india-limited-chennai-india/; https://sterlingandwilsondc.com/portfolios/vodafone-vois-cairo-egypt/; https://sterlingandwilsondc.com/prefabricated-containerised-data-centers/; https://sterlingandwilsondc.com/privacy-policy/; https://sterlingandwilsondc.com/projects-2-copy/; https://sterlingandwilsondc.com/projects/; https://sterlingandwilsondc.com/sitemap_index.xml; https://sterlingandwilsondc.com/smart-operations-old-2/; https://sterlingandwilsondc.com/smart-operations/; https://sterlingandwilsondc.com/sustainable-execution-duplicate/; https://sterlingandwilsondc.com/sustainable-execution/; https://sterlingandwilsondc.com/team-category/it-technology/; https://sterlingandwilsondc.com/teams/awadhesh-sharma/; https://sterlingandwilsondc.com/teams/ninad-bhise/; https://sterlingandwilsondc.com/teams/p-v-prasanth/; https://sterlingandwilsondc.com/teams/prasanna-sarambale/; https://sterlingandwilsondc.com/teams/rahul-deshpande/; https://sterlingandwilsondc.com/teams/rajeev-roy/; https://sterlingandwilsondc.com/teams/ranjit-gajare/; https://sterlingandwilsondc.com/teams/ravindra-bapat/; https://sterlingandwilsondc.com/test-project-page/; https://sterlingandwilsondc.com/testimonial-category/business/; https://sterlingandwilsondc.com/testimonials/27356/; https://sterlingandwilsondc.com/testing-page/; https://sterlingandwilsondc.com/the-ai-infrastructure-race-why-future-data-centres-must-be-ai-ready/; https://sterlingandwilsondc.com/thumbnail-slider/; https://sterlingandwilsondc.com/wp-sitemap-posts-page-1.xml,2026-10-07T04:07:55+00:00,200,Modular Construction – Sterling & Wilson Data Center,,https://sterlingandwilsondc.com/modular-construction/,max-image-preview:large,,docs/discovery/evidence/2026-10-07/8258ea59e3d23ff7.json,Propose preserve exact URL and owner-approved content,https://sterlingandwilsondc.com/modular-construction/,pending,fetched; classification provisional,curl.exe public HTTPS GET; no site code executed,https://sterlingandwilsondc.com/modular-construction/,yes,Source text includes hidden/legacy blocks; not approved copy.
https://sterlingandwilsondc.com/modular-data-centers/,missing-reference,missing-reference,https://sterlingandwilsondc.com/home-2-copy/; https://sterlingandwilsondc.com/modular-data-centers/; https://sterlingandwilsondc.com/testing-page/,2026-10-07T04:08:31+00:00,404,Page not found – Sterling & Wilson Data Center,,,max-image-preview:large,The page can’t be found.,docs/discovery/evidence/2026-10-07/601b198708ee46d7.json,Owner to confirm intended replacement or deliberate 404; no redirect chosen,,pending,HTTP 404 observed,curl.exe public HTTPS GET; no site code executed,https://sterlingandwilsondc.com/modular-data-centers/,no,Source text includes hidden/legacy blocks; not approved copy.
https://sterlingandwilsondc.com/news-press-release/,news-and-press-year-galleries,news-and-press-year-galleries,https://sterlingandwilsondc.com/; https://sterlingandwilsondc.com/about-us/; https://sterlingandwilsondc.com/awards-recognitions/; https://sterlingandwilsondc.com/blogs/; https://sterlingandwilsondc.com/careers-2/; https://sterlingandwilsondc.com/careers/; https://sterlingandwilsondc.com/category/blog/; https://sterlingandwilsondc.com/contact/; https://sterlingandwilsondc.com/conventional-brick-mortar-data-center/; https://sterlingandwilsondc.com/corporate-governance/; https://sterlingandwilsondc.com/design-build/; https://sterlingandwilsondc.com/elementor-hf/my-custom-footer/; https://sterlingandwilsondc.com/events/; https://sterlingandwilsondc.com/faqs/; https://sterlingandwilsondc.com/home-2-copy/; https://sterlingandwilsondc.com/home-copy/; https://sterlingandwilsondc.com/home-duplicate/; https://sterlingandwilsondc.com/industry-memberships-and-recognitions/; https://sterlingandwilsondc.com/knowledge-corner/; https://sterlingandwilsondc.com/leadership/; https://sterlingandwilsondc.com/modular-construction/; https://sterlingandwilsondc.com/modular-data-centers/; https://sterlingandwilsondc.com/news-press-release/; https://sterlingandwilsondc.com/newsroom/; https://sterlingandwilsondc.com/om-services/; https://sterlingandwilsondc.com/our-team/; https://sterlingandwilsondc.com/portfolio-category/domestic/; https://sterlingandwilsondc.com/portfolio-category/domestic/page/2/; https://sterlingandwilsondc.com/portfolio-category/international/; https://sterlingandwilsondc.com/portfolios/bhamashah-state-data-center-jaipur-india/; https://sterlingandwilsondc.com/portfolios/colocation-data-center-navi-mumbai-india-2025/; https://sterlingandwilsondc.com/portfolios/edgnex-data-center-dammam-ksa-2021/; https://sterlingandwilsondc.com/portfolios/etisalat-db-telecom-mumbai-jaipur-ahmedabad-lucknow-ambala-india/; https://sterlingandwilsondc.com/portfolios/faisal-islamic-bank-cairo-egypt/; https://sterlingandwilsondc.com/portfolios/global-colocation-data-center-chennai-india/; https://sterlingandwilsondc.com/portfolios/global-colocation-data-center-navi-mumbai-india/; https://sterlingandwilsondc.com/portfolios/global-colocation-data-center-pune-india-2021/; https://sterlingandwilsondc.com/portfolios/hyperscaler-data-center-hyderabad-india/; https://sterlingandwilsondc.com/portfolios/hyperscaler-data-center-mumbai-india-2021/; https://sterlingandwilsondc.com/portfolios/mainone-dc-accra-ghana/; https://sterlingandwilsondc.com/portfolios/national-information-center-nic-hyderabad-india/; https://sterlingandwilsondc.com/portfolios/national-securities-depository-ltd-nsdl-bangalore-india/; https://sterlingandwilsondc.com/portfolios/national-stock-exchange-chennai-india/; https://sterlingandwilsondc.com/portfolios/raxio-dr-congo/; https://sterlingandwilsondc.com/portfolios/software-technology-parks-of-india-stpi/; https://sterlingandwilsondc.com/portfolios/telecom-egypt-cloud-hub-dc-cairo-egypt/; https://sterlingandwilsondc.com/portfolios/telecom-egypt-nn1-cairo-egypt/; https://sterlingandwilsondc.com/portfolios/vodafone-india-limited-chennai-india/; https://sterlingandwilsondc.com/portfolios/vodafone-vois-cairo-egypt/; https://sterlingandwilsondc.com/prefabricated-containerised-data-centers/; https://sterlingandwilsondc.com/privacy-policy/; https://sterlingandwilsondc.com/projects-2-copy/; https://sterlingandwilsondc.com/projects/; https://sterlingandwilsondc.com/sitemap_index.xml; https://sterlingandwilsondc.com/smart-operations-old-2/; https://sterlingandwilsondc.com/smart-operations/; https://sterlingandwilsondc.com/sustainable-execution-duplicate/; https://sterlingandwilsondc.com/sustainable-execution/; https://sterlingandwilsondc.com/team-category/it-technology/; https://sterlingandwilsondc.com/teams/awadhesh-sharma/; https://sterlingandwilsondc.com/teams/ninad-bhise/; https://sterlingandwilsondc.com/teams/p-v-prasanth/; https://sterlingandwilsondc.com/teams/prasanna-sarambale/; https://sterlingandwilsondc.com/teams/rahul-deshpande/; https://sterlingandwilsondc.com/teams/rajeev-roy/; https://sterlingandwilsondc.com/teams/ranjit-gajare/; https://sterlingandwilsondc.com/teams/ravindra-bapat/; https://sterlingandwilsondc.com/test-project-page/; https://sterlingandwilsondc.com/testimonial-category/business/; https://sterlingandwilsondc.com/testimonials/27356/; https://sterlingandwilsondc.com/testing-page/; https://sterlingandwilsondc.com/the-ai-infrastructure-race-why-future-data-centres-must-be-ai-ready/; https://sterlingandwilsondc.com/thumbnail-slider/; https://sterlingandwilsondc.com/wp-sitemap-posts-page-1.xml,2026-10-07T04:07:55+00:00,200,News & Press Release – Sterling & Wilson Data Center,,https://sterlingandwilsondc.com/news-press-release/,max-image-preview:large,,docs/discovery/evidence/2026-10-07/8a655e9987bdba73.json,Propose preserve exact URL and owner-approved content,https://sterlingandwilsondc.com/news-press-release/,pending,fetched; classification provisional,curl.exe public HTTPS GET; no site code executed,https://sterlingandwilsondc.com/news-press-release/,yes,Source text includes hidden/legacy blocks; not approved copy.
https://sterlingandwilsondc.com/newsroom/,legacy-or-duplicate (approval required),legacy-or-duplicate (approval required),https://sterlingandwilsondc.com/knowledge-corner/; https://sterlingandwilsondc.com/newsroom/; https://sterlingandwilsondc.com/wp-sitemap-posts-page-1.xml,2026-10-07T04:08:31+00:00,200,Newsroom – Sterling & Wilson Data Center,,https://sterlingandwilsondc.com/newsroom/,max-image-preview:large,,docs/discovery/evidence/2026-10-07/03aa6b2132600e34.json,Hold disposition; owner approves retain/redirect/retire after SEO evidence,,pending,fetched; classification provisional,curl.exe public HTTPS GET; no site code executed,https://sterlingandwilsondc.com/newsroom/,yes,Source text includes hidden/legacy blocks; not approved copy.
https://sterlingandwilsondc.com/om-services/,service-landing (page-specific sections),service-landing (page-specific sections),https://sterlingandwilsondc.com/; https://sterlingandwilsondc.com/about-us/; https://sterlingandwilsondc.com/awards-recognitions/; https://sterlingandwilsondc.com/blogs/; https://sterlingandwilsondc.com/careers-2/; https://sterlingandwilsondc.com/careers/; https://sterlingandwilsondc.com/category/blog/; https://sterlingandwilsondc.com/contact/; https://sterlingandwilsondc.com/conventional-brick-mortar-data-center/; https://sterlingandwilsondc.com/corporate-governance/; https://sterlingandwilsondc.com/design-build/; https://sterlingandwilsondc.com/elementor-hf/my-custom-footer/; https://sterlingandwilsondc.com/events/; https://sterlingandwilsondc.com/faqs/; https://sterlingandwilsondc.com/home-2-copy/; https://sterlingandwilsondc.com/home-copy/; https://sterlingandwilsondc.com/home-duplicate/; https://sterlingandwilsondc.com/industry-memberships-and-recognitions/; https://sterlingandwilsondc.com/knowledge-corner/; https://sterlingandwilsondc.com/leadership/; https://sterlingandwilsondc.com/modular-construction/; https://sterlingandwilsondc.com/modular-data-centers/; https://sterlingandwilsondc.com/news-press-release/; https://sterlingandwilsondc.com/newsroom/; https://sterlingandwilsondc.com/om-services/; https://sterlingandwilsondc.com/our-team/; https://sterlingandwilsondc.com/portfolio-category/domestic/; https://sterlingandwilsondc.com/portfolio-category/domestic/page/2/; https://sterlingandwilsondc.com/portfolio-category/international/; https://sterlingandwilsondc.com/portfolios/bhamashah-state-data-center-jaipur-india/; https://sterlingandwilsondc.com/portfolios/colocation-data-center-navi-mumbai-india-2025/; https://sterlingandwilsondc.com/portfolios/edgnex-data-center-dammam-ksa-2021/; https://sterlingandwilsondc.com/portfolios/etisalat-db-telecom-mumbai-jaipur-ahmedabad-lucknow-ambala-india/; https://sterlingandwilsondc.com/portfolios/faisal-islamic-bank-cairo-egypt/; https://sterlingandwilsondc.com/portfolios/global-colocation-data-center-chennai-india/; https://sterlingandwilsondc.com/portfolios/global-colocation-data-center-navi-mumbai-india/; https://sterlingandwilsondc.com/portfolios/global-colocation-data-center-pune-india-2021/; https://sterlingandwilsondc.com/portfolios/hyperscaler-data-center-hyderabad-india/; https://sterlingandwilsondc.com/portfolios/hyperscaler-data-center-mumbai-india-2021/; https://sterlingandwilsondc.com/portfolios/mainone-dc-accra-ghana/; https://sterlingandwilsondc.com/portfolios/national-information-center-nic-hyderabad-india/; https://sterlingandwilsondc.com/portfolios/national-securities-depository-ltd-nsdl-bangalore-india/; https://sterlingandwilsondc.com/portfolios/national-stock-exchange-chennai-india/; https://sterlingandwilsondc.com/portfolios/raxio-dr-congo/; https://sterlingandwilsondc.com/portfolios/software-technology-parks-of-india-stpi/; https://sterlingandwilsondc.com/portfolios/telecom-egypt-cloud-hub-dc-cairo-egypt/; https://sterlingandwilsondc.com/portfolios/telecom-egypt-nn1-cairo-egypt/; https://sterlingandwilsondc.com/portfolios/vodafone-india-limited-chennai-india/; https://sterlingandwilsondc.com/portfolios/vodafone-vois-cairo-egypt/; https://sterlingandwilsondc.com/prefabricated-containerised-data-centers/; https://sterlingandwilsondc.com/privacy-policy/; https://sterlingandwilsondc.com/projects-2-copy/; https://sterlingandwilsondc.com/projects/; https://sterlingandwilsondc.com/sitemap_index.xml; https://sterlingandwilsondc.com/smart-operations-old-2/; https://sterlingandwilsondc.com/smart-operations/; https://sterlingandwilsondc.com/sustainable-execution-duplicate/; https://sterlingandwilsondc.com/sustainable-execution/; https://sterlingandwilsondc.com/team-category/it-technology/; https://sterlingandwilsondc.com/teams/awadhesh-sharma/; https://sterlingandwilsondc.com/teams/ninad-bhise/; https://sterlingandwilsondc.com/teams/p-v-prasanth/; https://sterlingandwilsondc.com/teams/prasanna-sarambale/; https://sterlingandwilsondc.com/teams/rahul-deshpande/; https://sterlingandwilsondc.com/teams/rajeev-roy/; https://sterlingandwilsondc.com/teams/ranjit-gajare/; https://sterlingandwilsondc.com/teams/ravindra-bapat/; https://sterlingandwilsondc.com/test-project-page/; https://sterlingandwilsondc.com/testimonial-category/business/; https://sterlingandwilsondc.com/testimonials/27356/; https://sterlingandwilsondc.com/testing-page/; https://sterlingandwilsondc.com/the-ai-infrastructure-race-why-future-data-centres-must-be-ai-ready/; https://sterlingandwilsondc.com/thumbnail-slider/; https://sterlingandwilsondc.com/wp-sitemap-posts-page-1.xml,2026-10-07T04:07:59+00:00,200,O&M Services – Sterling & Wilson Data Center,,https://sterlingandwilsondc.com/om-services/,max-image-preview:large,,docs/discovery/evidence/2026-10-07/108c0927a5c543fc.json,Propose preserve exact URL and owner-approved content,https://sterlingandwilsondc.com/om-services/,pending,fetched; classification provisional,curl.exe public HTTPS GET; no site code executed,https://sterlingandwilsondc.com/om-services/,yes,Source text includes hidden/legacy blocks; not approved copy.
https://sterlingandwilsondc.com/our-team/,leadership-listing,leadership-listing,https://sterlingandwilsondc.com/our-team/; https://sterlingandwilsondc.com/wp-sitemap-posts-page-1.xml,2026-10-07T04:08:31+00:00,200,Our Team – Sterling & Wilson Data Center,,https://sterlingandwilsondc.com/our-team/,max-image-preview:large,Our Team,docs/discovery/evidence/2026-10-07/d2f9f3a175c619af.json,Hold disposition; owner approves retain/redirect/retire after SEO evidence,,pending,fetched; classification provisional,curl.exe public HTTPS GET; no site code executed,https://sterlingandwilsondc.com/our-team/,yes,Source text includes hidden/legacy blocks; not approved copy.
https://sterlingandwilsondc.com/portfolio-category/domestic/,taxonomy-archive,taxonomy-archive,https://sterlingandwilsondc.com/home-2-copy/; https://sterlingandwilsondc.com/home-duplicate/; https://sterlingandwilsondc.com/portfolio-category/domestic/; https://sterlingandwilsondc.com/portfolio-category/domestic/page/2/; https://sterlingandwilsondc.com/projects-2-copy/; https://sterlingandwilsondc.com/projects/; https://sterlingandwilsondc.com/test-project-page/; https://sterlingandwilsondc.com/wp-sitemap-taxonomies-portfolio-category-1.xml,2026-10-07T04:08:13+00:00,200,Domestic – Sterling & Wilson Data Center,,,max-image-preview:large,Portfolio Categories: Domestic,docs/discovery/evidence/2026-10-07/84a085abac38a75a.json,Hold disposition; owner approves retain/redirect/retire after SEO evidence,,pending,fetched; classification provisional,curl.exe public HTTPS GET; no site code executed,https://sterlingandwilsondc.com/portfolio-category/domestic/,yes,Source text includes hidden/legacy blocks; not approved copy.
https://sterlingandwilsondc.com/portfolio-category/domestic/page/2/,taxonomy-archive,taxonomy-archive,https://sterlingandwilsondc.com/portfolio-category/domestic/; https://sterlingandwilsondc.com/portfolio-category/domestic/page/2/,2026-10-07T04:08:15+00:00,200,Domestic – Page 2 – Sterling & Wilson Data Center,,,max-image-preview:large,Portfolio Categories: Domestic,docs/discovery/evidence/2026-10-07/4041dabfef12c14b.json,Hold disposition; owner approves retain/redirect/retire after SEO evidence,,pending,fetched; classification provisional,curl.exe public HTTPS GET; no site code executed,https://sterlingandwilsondc.com/portfolio-category/domestic/page/2/,no,Source text includes hidden/legacy blocks; not approved copy.
https://sterlingandwilsondc.com/portfolio-category/international/,taxonomy-archive,taxonomy-archive,https://sterlingandwilsondc.com/home-2-copy/; https://sterlingandwilsondc.com/home-duplicate/; https://sterlingandwilsondc.com/portfolio-category/international/; https://sterlingandwilsondc.com/projects-2-copy/; https://sterlingandwilsondc.com/projects/; https://sterlingandwilsondc.com/test-project-page/; https://sterlingandwilsondc.com/wp-sitemap-taxonomies-portfolio-category-1.xml,2026-10-07T04:08:13+00:00,200,International – Sterling & Wilson Data Center,,,max-image-preview:large,Portfolio Categories: International,docs/discovery/evidence/2026-10-07/73c1b77a2752823e.json,Hold disposition; owner approves retain/redirect/retire after SEO evidence,,pending,fetched; classification provisional,curl.exe public HTTPS GET; no site code executed,https://sterlingandwilsondc.com/portfolio-category/international/,yes,Source text includes hidden/legacy blocks; not approved copy.
https://sterlingandwilsondc.com/portfolios/bhamashah-state-data-center-jaipur-india/,project-detail,project-detail,https://sterlingandwilsondc.com/; https://sterlingandwilsondc.com/design-build/; https://sterlingandwilsondc.com/elementor-hf/my-custom-footer/; https://sterlingandwilsondc.com/home-2-copy/; https://sterlingandwilsondc.com/home-copy/; https://sterlingandwilsondc.com/home-duplicate/; https://sterlingandwilsondc.com/portfolio-category/domestic/; https://sterlingandwilsondc.com/portfolios/bhamashah-state-data-center-jaipur-india/; https://sterlingandwilsondc.com/portfolios/global-colocation-data-center-pune-india-2021/; https://sterlingandwilsondc.com/portfolios/raxio-dr-congo/; https://sterlingandwilsondc.com/projects-2-copy/; https://sterlingandwilsondc.com/projects/; https://sterlingandwilsondc.com/test-project-page/; https://sterlingandwilsondc.com/wp-sitemap-posts-portfolios-1.xml,2026-10-07T04:07:59+00:00,200,"Bhamashah State Data Center Jaipur, India, 2019 – Sterling & Wilson Data Center",,https://sterlingandwilsondc.com/portfolios/bhamashah-state-data-center-jaipur-india/,max-image-preview:large,"Bhamashah State Data Center Jaipur, India, 2019",docs/discovery/evidence/2026-10-07/aa14fac85e8f0299.json,Propose preserve exact URL and owner-approved content,https://sterlingandwilsondc.com/portfolios/bhamashah-state-data-center-jaipur-india/,pending,fetched; classification provisional,curl.exe public HTTPS GET; no site code executed,https://sterlingandwilsondc.com/portfolios/bhamashah-state-data-center-jaipur-india/,yes,Source text includes hidden/legacy blocks; not approved copy.
https://sterlingandwilsondc.com/portfolios/colocation-data-center-navi-mumbai-india-2025/,project-detail,project-detail,https://sterlingandwilsondc.com/home-2-copy/; https://sterlingandwilsondc.com/home-duplicate/; https://sterlingandwilsondc.com/portfolio-category/domestic/page/2/; https://sterlingandwilsondc.com/portfolios/colocation-data-center-navi-mumbai-india-2025/; https://sterlingandwilsondc.com/portfolios/faisal-islamic-bank-cairo-egypt/; https://sterlingandwilsondc.com/portfolios/vodafone-vois-cairo-egypt/; https://sterlingandwilsondc.com/projects-2-copy/; https://sterlingandwilsondc.com/projects/; https://sterlingandwilsondc.com/test-project-page/; https://sterlingandwilsondc.com/wp-sitemap-posts-portfolios-1.xml,2026-10-07T04:08:13+00:00,200,"Colocation Data Center Navi Mumbai, India, 2025 – Sterling & Wilson Data Center",,https://sterlingandwilsondc.com/portfolios/colocation-data-center-navi-mumbai-india-2025/,max-image-preview:large,"Colocation Data Center Navi Mumbai, India, 2025",docs/discovery/evidence/2026-10-07/9e93e75ea9a1e846.json,Propose preserve exact URL and owner-approved content,https://sterlingandwilsondc.com/portfolios/colocation-data-center-navi-mumbai-india-2025/,pending,fetched; classification provisional,curl.exe public HTTPS GET; no site code executed,https://sterlingandwilsondc.com/portfolios/colocation-data-center-navi-mumbai-india-2025/,yes,Source text includes hidden/legacy blocks; not approved copy.
https://sterlingandwilsondc.com/portfolios/edgnex-data-center-dammam-ksa-2021/,project-detail,project-detail,https://sterlingandwilsondc.com/; https://sterlingandwilsondc.com/design-build/; https://sterlingandwilsondc.com/elementor-hf/my-custom-footer/; https://sterlingandwilsondc.com/home-2-copy/; https://sterlingandwilsondc.com/home-copy/; https://sterlingandwilsondc.com/home-duplicate/; https://sterlingandwilsondc.com/portfolio-category/international/; https://sterlingandwilsondc.com/portfolios/edgnex-data-center-dammam-ksa-2021/; https://sterlingandwilsondc.com/portfolios/hyperscaler-data-center-hyderabad-india/; https://sterlingandwilsondc.com/portfolios/telecom-egypt-cloud-hub-dc-cairo-egypt/; https://sterlingandwilsondc.com/projects-2-copy/; https://sterlingandwilsondc.com/projects/; https://sterlingandwilsondc.com/test-project-page/; https://sterlingandwilsondc.com/wp-sitemap-posts-portfolios-1.xml,2026-10-07T04:07:59+00:00,200,"Edgnex Data Center Dammam, KSA, 2021 – Sterling & Wilson Data Center",,https://sterlingandwilsondc.com/portfolios/edgnex-data-center-dammam-ksa-2021/,max-image-preview:large,"Edgnex Data Center Dammam, KSA, 2021",docs/discovery/evidence/2026-10-07/2f1e88eaab497606.json,Propose preserve exact URL and owner-approved content,https://sterlingandwilsondc.com/portfolios/edgnex-data-center-dammam-ksa-2021/,pending,fetched; classification provisional,curl.exe public HTTPS GET; no site code executed,https://sterlingandwilsondc.com/portfolios/edgnex-data-center-dammam-ksa-2021/,yes,Source text includes hidden/legacy blocks; not approved copy.
https://sterlingandwilsondc.com/portfolios/etisalat-db-telecom-mumbai-jaipur-ahmedabad-lucknow-ambala-india/,project-detail,project-detail,https://sterlingandwilsondc.com/home-2-copy/; https://sterlingandwilsondc.com/home-duplicate/; https://sterlingandwilsondc.com/portfolio-category/domestic/page/2/; https://sterlingandwilsondc.com/portfolios/etisalat-db-telecom-mumbai-jaipur-ahmedabad-lucknow-ambala-india/; https://sterlingandwilsondc.com/portfolios/faisal-islamic-bank-cairo-egypt/; https://sterlingandwilsondc.com/portfolios/software-technology-parks-of-india-stpi/; https://sterlingandwilsondc.com/projects-2-copy/; https://sterlingandwilsondc.com/projects/; https://sterlingandwilsondc.com/test-project-page/; https://sterlingandwilsondc.com/wp-sitemap-posts-portfolios-1.xml,2026-10-07T04:08:13+00:00,200,"Etisalat DB Telecom Mumbai, Jaipur, Ahmedabad, Lucknow & Ambala, India, 2009 – Sterling & Wilson Data Center",,https://sterlingandwilsondc.com/portfolios/etisalat-db-telecom-mumbai-jaipur-ahmedabad-lucknow-ambala-india/,max-image-preview:large,"Etisalat DB Telecom Mumbai, Jaipur, Ahmedabad, Lucknow & Ambala, India, 2009",docs/discovery/evidence/2026-10-07/bdcf8d1c2e39716a.json,Propose preserve exact URL and owner-approved content,https://sterlingandwilsondc.com/portfolios/etisalat-db-telecom-mumbai-jaipur-ahmedabad-lucknow-ambala-india/,pending,fetched; classification provisional,curl.exe public HTTPS GET; no site code executed,https://sterlingandwilsondc.com/portfolios/etisalat-db-telecom-mumbai-jaipur-ahmedabad-lucknow-ambala-india/,yes,Source text includes hidden/legacy blocks; not approved copy.
https://sterlingandwilsondc.com/portfolios/faisal-islamic-bank-cairo-egypt/,project-detail,project-detail,https://sterlingandwilsondc.com/home-2-copy/; https://sterlingandwilsondc.com/home-duplicate/; https://sterlingandwilsondc.com/portfolio-category/international/; https://sterlingandwilsondc.com/portfolios/colocation-data-center-navi-mumbai-india-2025/; https://sterlingandwilsondc.com/portfolios/etisalat-db-telecom-mumbai-jaipur-ahmedabad-lucknow-ambala-india/; https://sterlingandwilsondc.com/portfolios/faisal-islamic-bank-cairo-egypt/; https://sterlingandwilsondc.com/projects-2-copy/; https://sterlingandwilsondc.com/projects/; https://sterlingandwilsondc.com/test-project-page/; https://sterlingandwilsondc.com/wp-sitemap-posts-portfolios-1.xml,2026-10-07T04:08:15+00:00,200,"Faisal Islamic Bank Cairo, Egypt, 2020 – Sterling & Wilson Data Center",,https://sterlingandwilsondc.com/portfolios/faisal-islamic-bank-cairo-egypt/,max-image-preview:large,"Faisal Islamic Bank Cairo, Egypt, 2020",docs/discovery/evidence/2026-10-07/a306741cff43f451.json,Propose preserve exact URL and owner-approved content,https://sterlingandwilsondc.com/portfolios/faisal-islamic-bank-cairo-egypt/,pending,fetched; classification provisional,curl.exe public HTTPS GET; no site code executed,https://sterlingandwilsondc.com/portfolios/faisal-islamic-bank-cairo-egypt/,yes,Source text includes hidden/legacy blocks; not approved copy.
https://sterlingandwilsondc.com/portfolios/global-colocation-data-center-chennai-india/,project-detail,project-detail,https://sterlingandwilsondc.com/home-2-copy/; https://sterlingandwilsondc.com/home-duplicate/; https://sterlingandwilsondc.com/portfolio-category/domestic/; https://sterlingandwilsondc.com/portfolios/global-colocation-data-center-chennai-india/; https://sterlingandwilsondc.com/portfolios/global-colocation-data-center-navi-mumbai-india/; https://sterlingandwilsondc.com/portfolios/hyperscaler-data-center-mumbai-india-2021/; https://sterlingandwilsondc.com/projects-2-copy/; https://sterlingandwilsondc.com/projects/; https://sterlingandwilsondc.com/test-project-page/; https://sterlingandwilsondc.com/wp-sitemap-posts-portfolios-1.xml,2026-10-07T04:08:15+00:00,200,"Global Colocation Data Center Chennai, India, 2021 – Sterling & Wilson Data Center",,https://sterlingandwilsondc.com/portfolios/global-colocation-data-center-chennai-india/,max-image-preview:large,"Global Colocation Data Center Chennai, India, 2021",docs/discovery/evidence/2026-10-07/da60934afa379c96.json,Propose preserve exact URL and owner-approved content,https://sterlingandwilsondc.com/portfolios/global-colocation-data-center-chennai-india/,pending,fetched; classification provisional,curl.exe public HTTPS GET; no site code executed,https://sterlingandwilsondc.com/portfolios/global-colocation-data-center-chennai-india/,yes,Source text includes hidden/legacy blocks; not approved copy.
https://sterlingandwilsondc.com/portfolios/global-colocation-data-center-navi-mumbai-india/,project-detail,project-detail,https://sterlingandwilsondc.com/home-2-copy/; https://sterlingandwilsondc.com/home-duplicate/; https://sterlingandwilsondc.com/portfolio-category/domestic/; https://sterlingandwilsondc.com/portfolios/global-colocation-data-center-chennai-india/; https://sterlingandwilsondc.com/portfolios/global-colocation-data-center-navi-mumbai-india/; https://sterlingandwilsondc.com/portfolios/mainone-dc-accra-ghana/; https://sterlingandwilsondc.com/projects-2-copy/; https://sterlingandwilsondc.com/projects/; https://sterlingandwilsondc.com/test-project-page/; https://sterlingandwilsondc.com/wp-sitemap-posts-portfolios-1.xml,2026-10-07T04:08:15+00:00,200,"Global Colocation Data Center Navi Mumbai, India, 2023 – Sterling & Wilson Data Center",,https://sterlingandwilsondc.com/portfolios/global-colocation-data-center-navi-mumbai-india/,max-image-preview:large,"Global Colocation Data Center Navi Mumbai, India, 2023",docs/discovery/evidence/2026-10-07/7c3de56f04b4218d.json,Propose preserve exact URL and owner-approved content,https://sterlingandwilsondc.com/portfolios/global-colocation-data-center-navi-mumbai-india/,pending,fetched; classification provisional,curl.exe public HTTPS GET; no site code executed,https://sterlingandwilsondc.com/portfolios/global-colocation-data-center-navi-mumbai-india/,yes,Source text includes hidden/legacy blocks; not approved copy.
https://sterlingandwilsondc.com/portfolios/global-colocation-data-center-pune-india-2021/,project-detail,project-detail,https://sterlingandwilsondc.com/; https://sterlingandwilsondc.com/design-build/; https://sterlingandwilsondc.com/elementor-hf/my-custom-footer/; https://sterlingandwilsondc.com/home-2-copy/; https://sterlingandwilsondc.com/home-copy/; https://sterlingandwilsondc.com/home-duplicate/; https://sterlingandwilsondc.com/portfolio-category/domestic/; https://sterlingandwilsondc.com/portfolios/bhamashah-state-data-center-jaipur-india/; https://sterlingandwilsondc.com/portfolios/global-colocation-data-center-pune-india-2021/; https://sterlingandwilsondc.com/projects-2-copy/; https://sterlingandwilsondc.com/projects/; https://sterlingandwilsondc.com/test-project-page/; https://sterlingandwilsondc.com/wp-sitemap-posts-portfolios-1.xml,2026-10-07T04:07:59+00:00,200,"Global Colocation Data Center Pune, India, 2021 – Sterling & Wilson Data Center",,https://sterlingandwilsondc.com/portfolios/global-colocation-data-center-pune-india-2021/,max-image-preview:large,"Global Colocation Data Center Pune, India, 2021",docs/discovery/evidence/2026-10-07/b6536eba90e34f92.json,Propose preserve exact URL and owner-approved content,https://sterlingandwilsondc.com/portfolios/global-colocation-data-center-pune-india-2021/,pending,fetched; classification provisional,curl.exe public HTTPS GET; no site code executed,https://sterlingandwilsondc.com/portfolios/global-colocation-data-center-pune-india-2021/,yes,Source text includes hidden/legacy blocks; not approved copy.
https://sterlingandwilsondc.com/portfolios/hyperscaler-data-center-hyderabad-india/,project-detail,project-detail,https://sterlingandwilsondc.com/; https://sterlingandwilsondc.com/design-build/; https://sterlingandwilsondc.com/elementor-hf/my-custom-footer/; https://sterlingandwilsondc.com/home-2-copy/; https://sterlingandwilsondc.com/home-copy/; https://sterlingandwilsondc.com/home-duplicate/; https://sterlingandwilsondc.com/portfolio-category/domestic/; https://sterlingandwilsondc.com/portfolios/edgnex-data-center-dammam-ksa-2021/; https://sterlingandwilsondc.com/portfolios/hyperscaler-data-center-hyderabad-india/; https://sterlingandwilsondc.com/portfolios/raxio-dr-congo/; https://sterlingandwilsondc.com/projects-2-copy/; https://sterlingandwilsondc.com/projects/; https://sterlingandwilsondc.com/test-project-page/; https://sterlingandwilsondc.com/wp-sitemap-posts-portfolios-1.xml,2026-10-07T04:08:05+00:00,200,"Hyperscaler Data Center Hyderabad, India – Sterling & Wilson Data Center",,https://sterlingandwilsondc.com/portfolios/hyperscaler-data-center-hyderabad-india/,max-image-preview:large,"Hyperscaler Data Center Hyderabad, India",docs/discovery/evidence/2026-10-07/b774278270611fc0.json,Propose preserve exact URL and owner-approved content,https://sterlingandwilsondc.com/portfolios/hyperscaler-data-center-hyderabad-india/,pending,fetched; classification provisional,curl.exe public HTTPS GET; no site code executed,https://sterlingandwilsondc.com/portfolios/hyperscaler-data-center-hyderabad-india/,yes,Source text includes hidden/legacy blocks; not approved copy.
https://sterlingandwilsondc.com/portfolios/hyperscaler-data-center-mumbai-india-2021/,project-detail,project-detail,https://sterlingandwilsondc.com/home-2-copy/; https://sterlingandwilsondc.com/home-duplicate/; https://sterlingandwilsondc.com/portfolio-category/domestic/; https://sterlingandwilsondc.com/portfolios/global-colocation-data-center-chennai-india/; https://sterlingandwilsondc.com/portfolios/hyperscaler-data-center-mumbai-india-2021/; https://sterlingandwilsondc.com/portfolios/vodafone-india-limited-chennai-india/; https://sterlingandwilsondc.com/projects-2-copy/; https://sterlingandwilsondc.com/projects/; https://sterlingandwilsondc.com/test-project-page/; https://sterlingandwilsondc.com/wp-sitemap-posts-portfolios-1.xml,2026-10-07T04:08:19+00:00,200,"Hyperscaler Data Center Mumbai, India, 2021 – Sterling & Wilson Data Center",,https://sterlingandwilsondc.com/portfolios/hyperscaler-data-center-mumbai-india-2021/,max-image-preview:large,"Hyperscaler Data Center Mumbai, India, 2021",docs/discovery/evidence/2026-10-07/b787afc0564e6ae0.json,Propose preserve exact URL and owner-approved content,https://sterlingandwilsondc.com/portfolios/hyperscaler-data-center-mumbai-india-2021/,pending,fetched; classification provisional,curl.exe public HTTPS GET; no site code executed,https://sterlingandwilsondc.com/portfolios/hyperscaler-data-center-mumbai-india-2021/,yes,Source text includes hidden/legacy blocks; not approved copy.
https://sterlingandwilsondc.com/portfolios/mainone-dc-accra-ghana/,project-detail,project-detail,https://sterlingandwilsondc.com/home-2-copy/; https://sterlingandwilsondc.com/home-duplicate/; https://sterlingandwilsondc.com/portfolio-category/international/; https://sterlingandwilsondc.com/portfolios/global-colocation-data-center-navi-mumbai-india/; https://sterlingandwilsondc.com/portfolios/mainone-dc-accra-ghana/; https://sterlingandwilsondc.com/portfolios/national-securities-depository-ltd-nsdl-bangalore-india/; https://sterlingandwilsondc.com/projects-2-copy/; https://sterlingandwilsondc.com/projects/; https://sterlingandwilsondc.com/test-project-page/; https://sterlingandwilsondc.com/wp-sitemap-posts-portfolios-1.xml,2026-10-07T04:08:19+00:00,200,"MainOne DC Accra, Ghana, 2021 – Sterling & Wilson Data Center",,https://sterlingandwilsondc.com/portfolios/mainone-dc-accra-ghana/,max-image-preview:large,"MainOne DC Accra, Ghana, 2021",docs/discovery/evidence/2026-10-07/7e9613a97fac10c2.json,Propose preserve exact URL and owner-approved content,https://sterlingandwilsondc.com/portfolios/mainone-dc-accra-ghana/,pending,fetched; classification provisional,curl.exe public HTTPS GET; no site code executed,https://sterlingandwilsondc.com/portfolios/mainone-dc-accra-ghana/,yes,Source text includes hidden/legacy blocks; not approved copy.
https://sterlingandwilsondc.com/portfolios/national-information-center-nic-hyderabad-india/,project-detail,project-detail,https://sterlingandwilsondc.com/home-2-copy/; https://sterlingandwilsondc.com/home-duplicate/; https://sterlingandwilsondc.com/portfolio-category/domestic/; https://sterlingandwilsondc.com/portfolios/national-information-center-nic-hyderabad-india/; https://sterlingandwilsondc.com/portfolios/telecom-egypt-nn1-cairo-egypt/; https://sterlingandwilsondc.com/portfolios/vodafone-vois-cairo-egypt/; https://sterlingandwilsondc.com/projects-2-copy/; https://sterlingandwilsondc.com/projects/; https://sterlingandwilsondc.com/test-project-page/; https://sterlingandwilsondc.com/wp-sitemap-posts-portfolios-1.xml,2026-10-07T04:08:19+00:00,200,"National Information Center (NIC) Hyderabad, India, 2021 – Sterling & Wilson Data Center",,https://sterlingandwilsondc.com/portfolios/national-information-center-nic-hyderabad-india/,max-image-preview:large,"National Information Center (NIC) Hyderabad, India, 2021",docs/discovery/evidence/2026-10-07/5377fc295e4b14f5.json,Propose preserve exact URL and owner-approved content,https://sterlingandwilsondc.com/portfolios/national-information-center-nic-hyderabad-india/,pending,fetched; classification provisional,curl.exe public HTTPS GET; no site code executed,https://sterlingandwilsondc.com/portfolios/national-information-center-nic-hyderabad-india/,yes,Source text includes hidden/legacy blocks; not approved copy.
https://sterlingandwilsondc.com/portfolios/national-securities-depository-ltd-nsdl-bangalore-india/,project-detail,project-detail,https://sterlingandwilsondc.com/home-2-copy/; https://sterlingandwilsondc.com/home-duplicate/; https://sterlingandwilsondc.com/portfolio-category/domestic/; https://sterlingandwilsondc.com/portfolios/mainone-dc-accra-ghana/; https://sterlingandwilsondc.com/portfolios/national-securities-depository-ltd-nsdl-bangalore-india/; https://sterlingandwilsondc.com/portfolios/national-stock-exchange-chennai-india/; https://sterlingandwilsondc.com/projects-2-copy/; https://sterlingandwilsondc.com/projects/; https://sterlingandwilsondc.com/test-project-page/; https://sterlingandwilsondc.com/wp-sitemap-posts-portfolios-1.xml,2026-10-07T04:08:19+00:00,200,"National Securities & Depository Ltd. (NSDL) Bengaluru, India, 2018 – Sterling & Wilson Data Center",,https://sterlingandwilsondc.com/portfolios/national-securities-depository-ltd-nsdl-bangalore-india/,max-image-preview:large,"National Securities & Depository Ltd. (NSDL) Bengaluru, India, 2018",docs/discovery/evidence/2026-10-07/8d66d9b2d6a380cf.json,Propose preserve exact URL and owner-approved content,https://sterlingandwilsondc.com/portfolios/national-securities-depository-ltd-nsdl-bangalore-india/,pending,fetched; classification provisional,curl.exe public HTTPS GET; no site code executed,https://sterlingandwilsondc.com/portfolios/national-securities-depository-ltd-nsdl-bangalore-india/,yes,Source text includes hidden/legacy blocks; not approved copy.
https://sterlingandwilsondc.com/portfolios/national-stock-exchange-chennai-india/,project-detail,project-detail,https://sterlingandwilsondc.com/home-2-copy/; https://sterlingandwilsondc.com/home-duplicate/; https://sterlingandwilsondc.com/portfolio-category/domestic/; https://sterlingandwilsondc.com/portfolios/national-securities-depository-ltd-nsdl-bangalore-india/; https://sterlingandwilsondc.com/portfolios/national-stock-exchange-chennai-india/; https://sterlingandwilsondc.com/portfolios/telecom-egypt-nn1-cairo-egypt/; https://sterlingandwilsondc.com/projects-2-copy/; https://sterlingandwilsondc.com/projects/; https://sterlingandwilsondc.com/test-project-page/; https://sterlingandwilsondc.com/wp-sitemap-posts-portfolios-1.xml,2026-10-07T04:08:21+00:00,200,"National Stock Exchange Chennai, India, 2017 – Sterling & Wilson Data Center",,https://sterlingandwilsondc.com/portfolios/national-stock-exchange-chennai-india/,max-image-preview:large,"National Stock Exchange Chennai, India, 2017",docs/discovery/evidence/2026-10-07/0f2aff7a62a241ad.json,Propose preserve exact URL and owner-approved content,https://sterlingandwilsondc.com/portfolios/national-stock-exchange-chennai-india/,pending,fetched; classification provisional,curl.exe public HTTPS GET; no site code executed,https://sterlingandwilsondc.com/portfolios/national-stock-exchange-chennai-india/,yes,Source text includes hidden/legacy blocks; not approved copy.
https://sterlingandwilsondc.com/portfolios/raxio-dr-congo/,project-detail,project-detail,https://sterlingandwilsondc.com/; https://sterlingandwilsondc.com/design-build/; https://sterlingandwilsondc.com/elementor-hf/my-custom-footer/; https://sterlingandwilsondc.com/home-2-copy/; https://sterlingandwilsondc.com/home-copy/; https://sterlingandwilsondc.com/home-duplicate/; https://sterlingandwilsondc.com/portfolio-category/international/; https://sterlingandwilsondc.com/portfolios/bhamashah-state-data-center-jaipur-india/; https://sterlingandwilsondc.com/portfolios/hyperscaler-data-center-hyderabad-india/; https://sterlingandwilsondc.com/portfolios/raxio-dr-congo/; https://sterlingandwilsondc.com/projects-2-copy/; https://sterlingandwilsondc.com/projects/; https://sterlingandwilsondc.com/test-project-page/; https://sterlingandwilsondc.com/wp-sitemap-posts-portfolios-1.xml,2026-10-07T04:08:05+00:00,200,"Raxio Data CenterKinshasa, DR Congo, 2024 – Sterling & Wilson Data Center",,https://sterlingandwilsondc.com/portfolios/raxio-dr-congo/,max-image-preview:large,"Raxio Data CenterKinshasa, DR Congo, 2024",docs/discovery/evidence/2026-10-07/a8a2e0d15bce470e.json,Propose preserve exact URL and owner-approved content,https://sterlingandwilsondc.com/portfolios/raxio-dr-congo/,pending,fetched; classification provisional,curl.exe public HTTPS GET; no site code executed,https://sterlingandwilsondc.com/portfolios/raxio-dr-congo/,yes,Source text includes hidden/legacy blocks; not approved copy.
https://sterlingandwilsondc.com/portfolios/software-technology-parks-of-india-stpi/,project-detail,project-detail,https://sterlingandwilsondc.com/home-2-copy/; https://sterlingandwilsondc.com/home-duplicate/; https://sterlingandwilsondc.com/portfolio-category/domestic/page/2/; https://sterlingandwilsondc.com/portfolios/etisalat-db-telecom-mumbai-jaipur-ahmedabad-lucknow-ambala-india/; https://sterlingandwilsondc.com/portfolios/software-technology-parks-of-india-stpi/; https://sterlingandwilsondc.com/projects-2-copy/; https://sterlingandwilsondc.com/projects/; https://sterlingandwilsondc.com/test-project-page/; https://sterlingandwilsondc.com/wp-sitemap-posts-portfolios-1.xml,2026-10-07T04:08:21+00:00,200,"Software Technology Parks of India (STPI)Bhubaneshwar, India, 2022 – Sterling & Wilson Data Center",,https://sterlingandwilsondc.com/portfolios/software-technology-parks-of-india-stpi/,max-image-preview:large,"Software Technology Parks of India (STPI)Bhubaneshwar, India, 2022",docs/discovery/evidence/2026-10-07/684bb744b18cca47.json,Propose preserve exact URL and owner-approved content,https://sterlingandwilsondc.com/portfolios/software-technology-parks-of-india-stpi/,pending,fetched; classification provisional,curl.exe public HTTPS GET; no site code executed,https://sterlingandwilsondc.com/portfolios/software-technology-parks-of-india-stpi/,yes,Source text includes hidden/legacy blocks; not approved copy.
https://sterlingandwilsondc.com/portfolios/telecom-egypt-cloud-hub-dc-cairo-egypt/,project-detail,project-detail,https://sterlingandwilsondc.com/; https://sterlingandwilsondc.com/design-build/; https://sterlingandwilsondc.com/elementor-hf/my-custom-footer/; https://sterlingandwilsondc.com/home-2-copy/; https://sterlingandwilsondc.com/home-copy/; https://sterlingandwilsondc.com/home-duplicate/; https://sterlingandwilsondc.com/portfolio-category/international/; https://sterlingandwilsondc.com/portfolios/edgnex-data-center-dammam-ksa-2021/; https://sterlingandwilsondc.com/portfolios/telecom-egypt-cloud-hub-dc-cairo-egypt/; https://sterlingandwilsondc.com/portfolios/vodafone-india-limited-chennai-india/; https://sterlingandwilsondc.com/projects-2-copy/; https://sterlingandwilsondc.com/projects/; https://sterlingandwilsondc.com/test-project-page/; https://sterlingandwilsondc.com/wp-sitemap-posts-portfolios-1.xml,2026-10-07T04:08:05+00:00,200,"Telecom Egypt Cloud Hub DC Cairo, Egypt, 2021 – Sterling & Wilson Data Center",,https://sterlingandwilsondc.com/portfolios/telecom-egypt-cloud-hub-dc-cairo-egypt/,max-image-preview:large,"Telecom Egypt Cloud Hub DC Cairo, Egypt, 2021",docs/discovery/evidence/2026-10-07/3c143de6f18cb9a7.json,Propose preserve exact URL and owner-approved content,https://sterlingandwilsondc.com/portfolios/telecom-egypt-cloud-hub-dc-cairo-egypt/,pending,fetched; classification provisional,curl.exe public HTTPS GET; no site code executed,https://sterlingandwilsondc.com/portfolios/telecom-egypt-cloud-hub-dc-cairo-egypt/,yes,Source text includes hidden/legacy blocks; not approved copy.
https://sterlingandwilsondc.com/portfolios/telecom-egypt-nn1-cairo-egypt/,project-detail,project-detail,https://sterlingandwilsondc.com/home-2-copy/; https://sterlingandwilsondc.com/home-duplicate/; https://sterlingandwilsondc.com/portfolio-category/international/; https://sterlingandwilsondc.com/portfolios/national-information-center-nic-hyderabad-india/; https://sterlingandwilsondc.com/portfolios/national-stock-exchange-chennai-india/; https://sterlingandwilsondc.com/portfolios/telecom-egypt-nn1-cairo-egypt/; https://sterlingandwilsondc.com/projects-2-copy/; https://sterlingandwilsondc.com/projects/; https://sterlingandwilsondc.com/test-project-page/; https://sterlingandwilsondc.com/wp-sitemap-posts-portfolios-1.xml,2026-10-07T04:08:21+00:00,200,"Telecom Egypt NN1 Cairo, Egypt, 2021 – Sterling & Wilson Data Center",,https://sterlingandwilsondc.com/portfolios/telecom-egypt-nn1-cairo-egypt/,max-image-preview:large,"Telecom Egypt NN1 Cairo, Egypt, 2021",docs/discovery/evidence/2026-10-07/e8b68f02209bd523.json,Propose preserve exact URL and owner-approved content,https://sterlingandwilsondc.com/portfolios/telecom-egypt-nn1-cairo-egypt/,pending,fetched; classification provisional,curl.exe public HTTPS GET; no site code executed,https://sterlingandwilsondc.com/portfolios/telecom-egypt-nn1-cairo-egypt/,yes,Source text includes hidden/legacy blocks; not approved copy.
https://sterlingandwilsondc.com/portfolios/vodafone-india-limited-chennai-india/,project-detail,project-detail,https://sterlingandwilsondc.com/home-2-copy/; https://sterlingandwilsondc.com/home-duplicate/; https://sterlingandwilsondc.com/portfolio-category/domestic/; https://sterlingandwilsondc.com/portfolios/hyperscaler-data-center-mumbai-india-2021/; https://sterlingandwilsondc.com/portfolios/telecom-egypt-cloud-hub-dc-cairo-egypt/; https://sterlingandwilsondc.com/portfolios/vodafone-india-limited-chennai-india/; https://sterlingandwilsondc.com/projects-2-copy/; https://sterlingandwilsondc.com/projects/; https://sterlingandwilsondc.com/test-project-page/; https://sterlingandwilsondc.com/wp-sitemap-posts-portfolios-1.xml,2026-10-07T04:08:09+00:00,200,"Vodafone India Limited Chennai, India, 2016 – Sterling & Wilson Data Center",,https://sterlingandwilsondc.com/portfolios/vodafone-india-limited-chennai-india/,max-image-preview:large,"Vodafone India Limited Chennai, India, 2016",docs/discovery/evidence/2026-10-07/2cabeaa371532145.json,Propose preserve exact URL and owner-approved content,https://sterlingandwilsondc.com/portfolios/vodafone-india-limited-chennai-india/,pending,fetched; classification provisional,curl.exe public HTTPS GET; no site code executed,https://sterlingandwilsondc.com/portfolios/vodafone-india-limited-chennai-india/,yes,Source text includes hidden/legacy blocks; not approved copy.
https://sterlingandwilsondc.com/portfolios/vodafone-vois-cairo-egypt/,project-detail,project-detail,https://sterlingandwilsondc.com/home-2-copy/; https://sterlingandwilsondc.com/home-duplicate/; https://sterlingandwilsondc.com/portfolio-category/international/; https://sterlingandwilsondc.com/portfolios/colocation-data-center-navi-mumbai-india-2025/; https://sterlingandwilsondc.com/portfolios/national-information-center-nic-hyderabad-india/; https://sterlingandwilsondc.com/portfolios/vodafone-vois-cairo-egypt/; https://sterlingandwilsondc.com/projects-2-copy/; https://sterlingandwilsondc.com/projects/; https://sterlingandwilsondc.com/test-project-page/; https://sterlingandwilsondc.com/wp-sitemap-posts-portfolios-1.xml,2026-10-07T04:08:21+00:00,200,"Vodafone VOIS Cairo, Egypt, 2023 – Sterling & Wilson Data Center",,https://sterlingandwilsondc.com/portfolios/vodafone-vois-cairo-egypt/,max-image-preview:large,"Vodafone VOIS Cairo, Egypt, 2023",docs/discovery/evidence/2026-10-07/587c17fb97ccfd0a.json,Propose preserve exact URL and owner-approved content,https://sterlingandwilsondc.com/portfolios/vodafone-vois-cairo-egypt/,pending,fetched; classification provisional,curl.exe public HTTPS GET; no site code executed,https://sterlingandwilsondc.com/portfolios/vodafone-vois-cairo-egypt/,yes,Source text includes hidden/legacy blocks; not approved copy.
https://sterlingandwilsondc.com/prefabricated-containerised-data-centers/,missing-reference,missing-reference,https://sterlingandwilsondc.com/home-2-copy/; https://sterlingandwilsondc.com/prefabricated-containerised-data-centers/; https://sterlingandwilsondc.com/testing-page/,2026-10-07T04:08:31+00:00,404,Page not found – Sterling & Wilson Data Center,,,max-image-preview:large,The page can’t be found.,docs/discovery/evidence/2026-10-07/e6215a493284307f.json,Owner to confirm intended replacement or deliberate 404; no redirect chosen,,pending,HTTP 404 observed,curl.exe public HTTPS GET; no site code executed,https://sterlingandwilsondc.com/prefabricated-containerised-data-centers/,no,Source text includes hidden/legacy blocks; not approved copy.
https://sterlingandwilsondc.com/privacy-policy/,legal-content,legal-content,https://sterlingandwilsondc.com/; https://sterlingandwilsondc.com/about-us/; https://sterlingandwilsondc.com/awards-recognitions/; https://sterlingandwilsondc.com/blogs/; https://sterlingandwilsondc.com/careers-2/; https://sterlingandwilsondc.com/careers/; https://sterlingandwilsondc.com/category/blog/; https://sterlingandwilsondc.com/contact/; https://sterlingandwilsondc.com/conventional-brick-mortar-data-center/; https://sterlingandwilsondc.com/corporate-governance/; https://sterlingandwilsondc.com/design-build/; https://sterlingandwilsondc.com/elementor-hf/my-custom-footer/; https://sterlingandwilsondc.com/events/; https://sterlingandwilsondc.com/faqs/; https://sterlingandwilsondc.com/home-2-copy/; https://sterlingandwilsondc.com/home-copy/; https://sterlingandwilsondc.com/home-duplicate/; https://sterlingandwilsondc.com/industry-memberships-and-recognitions/; https://sterlingandwilsondc.com/knowledge-corner/; https://sterlingandwilsondc.com/leadership/; https://sterlingandwilsondc.com/modular-construction/; https://sterlingandwilsondc.com/modular-data-centers/; https://sterlingandwilsondc.com/news-press-release/; https://sterlingandwilsondc.com/newsroom/; https://sterlingandwilsondc.com/om-services/; https://sterlingandwilsondc.com/our-team/; https://sterlingandwilsondc.com/portfolio-category/domestic/; https://sterlingandwilsondc.com/portfolio-category/domestic/page/2/; https://sterlingandwilsondc.com/portfolio-category/international/; https://sterlingandwilsondc.com/portfolios/bhamashah-state-data-center-jaipur-india/; https://sterlingandwilsondc.com/portfolios/colocation-data-center-navi-mumbai-india-2025/; https://sterlingandwilsondc.com/portfolios/edgnex-data-center-dammam-ksa-2021/; https://sterlingandwilsondc.com/portfolios/etisalat-db-telecom-mumbai-jaipur-ahmedabad-lucknow-ambala-india/; https://sterlingandwilsondc.com/portfolios/faisal-islamic-bank-cairo-egypt/; https://sterlingandwilsondc.com/portfolios/global-colocation-data-center-chennai-india/; https://sterlingandwilsondc.com/portfolios/global-colocation-data-center-navi-mumbai-india/; https://sterlingandwilsondc.com/portfolios/global-colocation-data-center-pune-india-2021/; https://sterlingandwilsondc.com/portfolios/hyperscaler-data-center-hyderabad-india/; https://sterlingandwilsondc.com/portfolios/hyperscaler-data-center-mumbai-india-2021/; https://sterlingandwilsondc.com/portfolios/mainone-dc-accra-ghana/; https://sterlingandwilsondc.com/portfolios/national-information-center-nic-hyderabad-india/; https://sterlingandwilsondc.com/portfolios/national-securities-depository-ltd-nsdl-bangalore-india/; https://sterlingandwilsondc.com/portfolios/national-stock-exchange-chennai-india/; https://sterlingandwilsondc.com/portfolios/raxio-dr-congo/; https://sterlingandwilsondc.com/portfolios/software-technology-parks-of-india-stpi/; https://sterlingandwilsondc.com/portfolios/telecom-egypt-cloud-hub-dc-cairo-egypt/; https://sterlingandwilsondc.com/portfolios/telecom-egypt-nn1-cairo-egypt/; https://sterlingandwilsondc.com/portfolios/vodafone-india-limited-chennai-india/; https://sterlingandwilsondc.com/portfolios/vodafone-vois-cairo-egypt/; https://sterlingandwilsondc.com/prefabricated-containerised-data-centers/; https://sterlingandwilsondc.com/privacy-policy/; https://sterlingandwilsondc.com/projects-2-copy/; https://sterlingandwilsondc.com/projects/; https://sterlingandwilsondc.com/sitemap_index.xml; https://sterlingandwilsondc.com/smart-operations-old-2/; https://sterlingandwilsondc.com/smart-operations/; https://sterlingandwilsondc.com/sustainable-execution-duplicate/; https://sterlingandwilsondc.com/sustainable-execution/; https://sterlingandwilsondc.com/team-category/it-technology/; https://sterlingandwilsondc.com/teams/awadhesh-sharma/; https://sterlingandwilsondc.com/teams/ninad-bhise/; https://sterlingandwilsondc.com/teams/p-v-prasanth/; https://sterlingandwilsondc.com/teams/prasanna-sarambale/; https://sterlingandwilsondc.com/teams/rahul-deshpande/; https://sterlingandwilsondc.com/teams/rajeev-roy/; https://sterlingandwilsondc.com/teams/ranjit-gajare/; https://sterlingandwilsondc.com/teams/ravindra-bapat/; https://sterlingandwilsondc.com/test-project-page/; https://sterlingandwilsondc.com/testimonial-category/business/; https://sterlingandwilsondc.com/testimonials/27356/; https://sterlingandwilsondc.com/testing-page/; https://sterlingandwilsondc.com/the-ai-infrastructure-race-why-future-data-centres-must-be-ai-ready/; https://sterlingandwilsondc.com/thumbnail-slider/; https://sterlingandwilsondc.com/wp-sitemap-posts-page-1.xml,2026-10-07T04:08:05+00:00,200,Privacy Policy – Sterling & Wilson Data Center,,https://sterlingandwilsondc.com/privacy-policy/,max-image-preview:large,Privacy Policy,docs/discovery/evidence/2026-10-07/cc05cc7c49f30967.json,Propose preserve exact URL and owner-approved content,https://sterlingandwilsondc.com/privacy-policy/,pending,fetched; classification provisional,curl.exe public HTTPS GET; no site code executed,https://sterlingandwilsondc.com/privacy-policy/,yes,Source text includes hidden/legacy blocks; not approved copy.
https://sterlingandwilsondc.com/projects-2-copy/,legacy-or-duplicate (approval required),legacy-or-duplicate (approval required),https://sterlingandwilsondc.com/projects-2-copy/; https://sterlingandwilsondc.com/wp-sitemap-posts-page-1.xml,2026-10-07T04:08:33+00:00,200,Projects-2-copy – Sterling & Wilson Data Center,,https://sterlingandwilsondc.com/projects-2-copy/,max-image-preview:large,,docs/discovery/evidence/2026-10-07/15848116359b3393.json,Hold disposition; owner approves retain/redirect/retire after SEO evidence,,pending,fetched; classification provisional,curl.exe public HTTPS GET; no site code executed,https://sterlingandwilsondc.com/projects-2-copy/,yes,Source text includes hidden/legacy blocks; not approved copy.
https://sterlingandwilsondc.com/projects/,project-listing,project-listing,https://sterlingandwilsondc.com/; https://sterlingandwilsondc.com/about-us/; https://sterlingandwilsondc.com/awards-recognitions/; https://sterlingandwilsondc.com/blogs/; https://sterlingandwilsondc.com/careers-2/; https://sterlingandwilsondc.com/careers/; https://sterlingandwilsondc.com/category/blog/; https://sterlingandwilsondc.com/contact/; https://sterlingandwilsondc.com/conventional-brick-mortar-data-center/; https://sterlingandwilsondc.com/corporate-governance/; https://sterlingandwilsondc.com/design-build/; https://sterlingandwilsondc.com/elementor-hf/my-custom-footer/; https://sterlingandwilsondc.com/events/; https://sterlingandwilsondc.com/faqs/; https://sterlingandwilsondc.com/home-2-copy/; https://sterlingandwilsondc.com/home-copy/; https://sterlingandwilsondc.com/home-duplicate/; https://sterlingandwilsondc.com/industry-memberships-and-recognitions/; https://sterlingandwilsondc.com/knowledge-corner/; https://sterlingandwilsondc.com/leadership/; https://sterlingandwilsondc.com/modular-construction/; https://sterlingandwilsondc.com/modular-data-centers/; https://sterlingandwilsondc.com/news-press-release/; https://sterlingandwilsondc.com/newsroom/; https://sterlingandwilsondc.com/om-services/; https://sterlingandwilsondc.com/our-team/; https://sterlingandwilsondc.com/portfolio-category/domestic/; https://sterlingandwilsondc.com/portfolio-category/domestic/page/2/; https://sterlingandwilsondc.com/portfolio-category/international/; https://sterlingandwilsondc.com/portfolios/bhamashah-state-data-center-jaipur-india/; https://sterlingandwilsondc.com/portfolios/colocation-data-center-navi-mumbai-india-2025/; https://sterlingandwilsondc.com/portfolios/edgnex-data-center-dammam-ksa-2021/; https://sterlingandwilsondc.com/portfolios/etisalat-db-telecom-mumbai-jaipur-ahmedabad-lucknow-ambala-india/; https://sterlingandwilsondc.com/portfolios/faisal-islamic-bank-cairo-egypt/; https://sterlingandwilsondc.com/portfolios/global-colocation-data-center-chennai-india/; https://sterlingandwilsondc.com/portfolios/global-colocation-data-center-navi-mumbai-india/; https://sterlingandwilsondc.com/portfolios/global-colocation-data-center-pune-india-2021/; https://sterlingandwilsondc.com/portfolios/hyperscaler-data-center-hyderabad-india/; https://sterlingandwilsondc.com/portfolios/hyperscaler-data-center-mumbai-india-2021/; https://sterlingandwilsondc.com/portfolios/mainone-dc-accra-ghana/; https://sterlingandwilsondc.com/portfolios/national-information-center-nic-hyderabad-india/; https://sterlingandwilsondc.com/portfolios/national-securities-depository-ltd-nsdl-bangalore-india/; https://sterlingandwilsondc.com/portfolios/national-stock-exchange-chennai-india/; https://sterlingandwilsondc.com/portfolios/raxio-dr-congo/; https://sterlingandwilsondc.com/portfolios/software-technology-parks-of-india-stpi/; https://sterlingandwilsondc.com/portfolios/telecom-egypt-cloud-hub-dc-cairo-egypt/; https://sterlingandwilsondc.com/portfolios/telecom-egypt-nn1-cairo-egypt/; https://sterlingandwilsondc.com/portfolios/vodafone-india-limited-chennai-india/; https://sterlingandwilsondc.com/portfolios/vodafone-vois-cairo-egypt/; https://sterlingandwilsondc.com/prefabricated-containerised-data-centers/; https://sterlingandwilsondc.com/privacy-policy/; https://sterlingandwilsondc.com/projects-2-copy/; https://sterlingandwilsondc.com/projects/; https://sterlingandwilsondc.com/sitemap_index.xml; https://sterlingandwilsondc.com/smart-operations-old-2/; https://sterlingandwilsondc.com/smart-operations/; https://sterlingandwilsondc.com/sustainable-execution-duplicate/; https://sterlingandwilsondc.com/sustainable-execution/; https://sterlingandwilsondc.com/team-category/it-technology/; https://sterlingandwilsondc.com/teams/awadhesh-sharma/; https://sterlingandwilsondc.com/teams/ninad-bhise/; https://sterlingandwilsondc.com/teams/p-v-prasanth/; https://sterlingandwilsondc.com/teams/prasanna-sarambale/; https://sterlingandwilsondc.com/teams/rahul-deshpande/; https://sterlingandwilsondc.com/teams/rajeev-roy/; https://sterlingandwilsondc.com/teams/ranjit-gajare/; https://sterlingandwilsondc.com/teams/ravindra-bapat/; https://sterlingandwilsondc.com/test-project-page/; https://sterlingandwilsondc.com/testimonial-category/business/; https://sterlingandwilsondc.com/testimonials/27356/; https://sterlingandwilsondc.com/testing-page/; https://sterlingandwilsondc.com/the-ai-infrastructure-race-why-future-data-centres-must-be-ai-ready/; https://sterlingandwilsondc.com/thumbnail-slider/; https://sterlingandwilsondc.com/wp-sitemap-posts-page-1.xml,2026-10-07T04:08:09+00:00,200,Projects – Sterling & Wilson Data Center,,https://sterlingandwilsondc.com/projects/,max-image-preview:large,,docs/discovery/evidence/2026-10-07/62e4ebb01bafdb58.json,Propose preserve exact URL and owner-approved content,https://sterlingandwilsondc.com/projects/,pending,fetched; classification provisional,curl.exe public HTTPS GET; no site code executed,https://sterlingandwilsondc.com/projects/,yes,Source text includes hidden/legacy blocks; not approved copy.
https://sterlingandwilsondc.com/robots.txt,infrastructure,discovery-endpoint,https://sterlingandwilsondc.com/robots.txt,2026-10-07T04:07:36+00:00,200,,,,,,docs/discovery/evidence/2026-10-07/3814322bcabd97eb.json,Discovery evidence only; publish fresh intended robots/sitemap later,,pending,fetched; classification provisional,curl.exe public HTTPS GET; no site code executed,https://sterlingandwilsondc.com/robots.txt,no,
https://sterlingandwilsondc.com/sitemap_index.xml,infrastructure,discovery-endpoint,https://sterlingandwilsondc.com/sitemap_index.xml,2026-10-07T04:07:36+00:00,404,Page not found – Sterling & Wilson Data Center,,,max-image-preview:large,The page can’t be found.,docs/discovery/evidence/2026-10-07/bfeaaf9a3fa7739c.json,Discovery evidence only; publish fresh intended robots/sitemap later,,pending,HTTP 404 observed,curl.exe public HTTPS GET; no site code executed,https://sterlingandwilsondc.com/sitemap_index.xml,no,
https://sterlingandwilsondc.com/smart-operations-old-2/,legacy-or-duplicate (approval required),legacy-or-duplicate (approval required),https://sterlingandwilsondc.com/smart-operations-old-2/; https://sterlingandwilsondc.com/wp-sitemap-posts-page-1.xml,2026-10-07T04:08:33+00:00,200,Smart Operations-old – Sterling & Wilson Data Center,,https://sterlingandwilsondc.com/smart-operations-old-2/,max-image-preview:large,,docs/discovery/evidence/2026-10-07/32c19382fb03633b.json,Hold disposition; owner approves retain/redirect/retire after SEO evidence,,pending,fetched; classification provisional,curl.exe public HTTPS GET; no site code executed,https://sterlingandwilsondc.com/smart-operations-old-2/,yes,Source text includes hidden/legacy blocks; not approved copy.
https://sterlingandwilsondc.com/smart-operations/,service-landing (page-specific sections),service-landing (page-specific sections),https://sterlingandwilsondc.com/; https://sterlingandwilsondc.com/about-us/; https://sterlingandwilsondc.com/awards-recognitions/; https://sterlingandwilsondc.com/blogs/; https://sterlingandwilsondc.com/careers-2/; https://sterlingandwilsondc.com/careers/; https://sterlingandwilsondc.com/category/blog/; https://sterlingandwilsondc.com/contact/; https://sterlingandwilsondc.com/conventional-brick-mortar-data-center/; https://sterlingandwilsondc.com/corporate-governance/; https://sterlingandwilsondc.com/design-build/; https://sterlingandwilsondc.com/elementor-hf/my-custom-footer/; https://sterlingandwilsondc.com/events/; https://sterlingandwilsondc.com/faqs/; https://sterlingandwilsondc.com/home-2-copy/; https://sterlingandwilsondc.com/home-copy/; https://sterlingandwilsondc.com/home-duplicate/; https://sterlingandwilsondc.com/industry-memberships-and-recognitions/; https://sterlingandwilsondc.com/knowledge-corner/; https://sterlingandwilsondc.com/leadership/; https://sterlingandwilsondc.com/modular-construction/; https://sterlingandwilsondc.com/modular-data-centers/; https://sterlingandwilsondc.com/news-press-release/; https://sterlingandwilsondc.com/newsroom/; https://sterlingandwilsondc.com/om-services/; https://sterlingandwilsondc.com/our-team/; https://sterlingandwilsondc.com/portfolio-category/domestic/; https://sterlingandwilsondc.com/portfolio-category/domestic/page/2/; https://sterlingandwilsondc.com/portfolio-category/international/; https://sterlingandwilsondc.com/portfolios/bhamashah-state-data-center-jaipur-india/; https://sterlingandwilsondc.com/portfolios/colocation-data-center-navi-mumbai-india-2025/; https://sterlingandwilsondc.com/portfolios/edgnex-data-center-dammam-ksa-2021/; https://sterlingandwilsondc.com/portfolios/etisalat-db-telecom-mumbai-jaipur-ahmedabad-lucknow-ambala-india/; https://sterlingandwilsondc.com/portfolios/faisal-islamic-bank-cairo-egypt/; https://sterlingandwilsondc.com/portfolios/global-colocation-data-center-chennai-india/; https://sterlingandwilsondc.com/portfolios/global-colocation-data-center-navi-mumbai-india/; https://sterlingandwilsondc.com/portfolios/global-colocation-data-center-pune-india-2021/; https://sterlingandwilsondc.com/portfolios/hyperscaler-data-center-hyderabad-india/; https://sterlingandwilsondc.com/portfolios/hyperscaler-data-center-mumbai-india-2021/; https://sterlingandwilsondc.com/portfolios/mainone-dc-accra-ghana/; https://sterlingandwilsondc.com/portfolios/national-information-center-nic-hyderabad-india/; https://sterlingandwilsondc.com/portfolios/national-securities-depository-ltd-nsdl-bangalore-india/; https://sterlingandwilsondc.com/portfolios/national-stock-exchange-chennai-india/; https://sterlingandwilsondc.com/portfolios/raxio-dr-congo/; https://sterlingandwilsondc.com/portfolios/software-technology-parks-of-india-stpi/; https://sterlingandwilsondc.com/portfolios/telecom-egypt-cloud-hub-dc-cairo-egypt/; https://sterlingandwilsondc.com/portfolios/telecom-egypt-nn1-cairo-egypt/; https://sterlingandwilsondc.com/portfolios/vodafone-india-limited-chennai-india/; https://sterlingandwilsondc.com/portfolios/vodafone-vois-cairo-egypt/; https://sterlingandwilsondc.com/prefabricated-containerised-data-centers/; https://sterlingandwilsondc.com/privacy-policy/; https://sterlingandwilsondc.com/projects-2-copy/; https://sterlingandwilsondc.com/projects/; https://sterlingandwilsondc.com/sitemap_index.xml; https://sterlingandwilsondc.com/smart-operations-old-2/; https://sterlingandwilsondc.com/smart-operations/; https://sterlingandwilsondc.com/sustainable-execution-duplicate/; https://sterlingandwilsondc.com/sustainable-execution/; https://sterlingandwilsondc.com/team-category/it-technology/; https://sterlingandwilsondc.com/teams/awadhesh-sharma/; https://sterlingandwilsondc.com/teams/ninad-bhise/; https://sterlingandwilsondc.com/teams/p-v-prasanth/; https://sterlingandwilsondc.com/teams/prasanna-sarambale/; https://sterlingandwilsondc.com/teams/rahul-deshpande/; https://sterlingandwilsondc.com/teams/rajeev-roy/; https://sterlingandwilsondc.com/teams/ranjit-gajare/; https://sterlingandwilsondc.com/teams/ravindra-bapat/; https://sterlingandwilsondc.com/test-project-page/; https://sterlingandwilsondc.com/testimonial-category/business/; https://sterlingandwilsondc.com/testimonials/27356/; https://sterlingandwilsondc.com/testing-page/; https://sterlingandwilsondc.com/the-ai-infrastructure-race-why-future-data-centres-must-be-ai-ready/; https://sterlingandwilsondc.com/thumbnail-slider/; https://sterlingandwilsondc.com/wp-sitemap-posts-page-1.xml,2026-10-07T04:08:09+00:00,200,Smart Operations – Sterling & Wilson Data Center,,https://sterlingandwilsondc.com/smart-operations/,max-image-preview:large,,docs/discovery/evidence/2026-10-07/d774a34b79efaca7.json,Propose preserve exact URL and owner-approved content,https://sterlingandwilsondc.com/smart-operations/,pending,fetched; classification provisional,curl.exe public HTTPS GET; no site code executed,https://sterlingandwilsondc.com/smart-operations/,yes,Source text includes hidden/legacy blocks; not approved copy.
https://sterlingandwilsondc.com/sustainable-execution-duplicate/,legacy-or-duplicate (approval required),legacy-or-duplicate (approval required),https://sterlingandwilsondc.com/sustainable-execution-duplicate/; https://sterlingandwilsondc.com/wp-sitemap-posts-page-1.xml,2026-10-07T04:08:33+00:00,200,Sustainable Execution – Duplicate – Sterling & Wilson Data Center,,https://sterlingandwilsondc.com/sustainable-execution-duplicate/,max-image-preview:large,,docs/discovery/evidence/2026-10-07/2ab0969ad45e09e1.json,Hold disposition; owner approves retain/redirect/retire after SEO evidence,,pending,fetched; classification provisional,curl.exe public HTTPS GET; no site code executed,https://sterlingandwilsondc.com/sustainable-execution-duplicate/,yes,Source text includes hidden/legacy blocks; not approved copy.
https://sterlingandwilsondc.com/sustainable-execution/,service-landing (page-specific sections),service-landing (page-specific sections),https://sterlingandwilsondc.com/; https://sterlingandwilsondc.com/about-us/; https://sterlingandwilsondc.com/awards-recognitions/; https://sterlingandwilsondc.com/blogs/; https://sterlingandwilsondc.com/careers-2/; https://sterlingandwilsondc.com/careers/; https://sterlingandwilsondc.com/category/blog/; https://sterlingandwilsondc.com/contact/; https://sterlingandwilsondc.com/conventional-brick-mortar-data-center/; https://sterlingandwilsondc.com/corporate-governance/; https://sterlingandwilsondc.com/design-build/; https://sterlingandwilsondc.com/elementor-hf/my-custom-footer/; https://sterlingandwilsondc.com/events/; https://sterlingandwilsondc.com/faqs/; https://sterlingandwilsondc.com/home-2-copy/; https://sterlingandwilsondc.com/home-copy/; https://sterlingandwilsondc.com/home-duplicate/; https://sterlingandwilsondc.com/industry-memberships-and-recognitions/; https://sterlingandwilsondc.com/knowledge-corner/; https://sterlingandwilsondc.com/leadership/; https://sterlingandwilsondc.com/modular-construction/; https://sterlingandwilsondc.com/modular-data-centers/; https://sterlingandwilsondc.com/news-press-release/; https://sterlingandwilsondc.com/newsroom/; https://sterlingandwilsondc.com/om-services/; https://sterlingandwilsondc.com/our-team/; https://sterlingandwilsondc.com/portfolio-category/domestic/; https://sterlingandwilsondc.com/portfolio-category/domestic/page/2/; https://sterlingandwilsondc.com/portfolio-category/international/; https://sterlingandwilsondc.com/portfolios/bhamashah-state-data-center-jaipur-india/; https://sterlingandwilsondc.com/portfolios/colocation-data-center-navi-mumbai-india-2025/; https://sterlingandwilsondc.com/portfolios/edgnex-data-center-dammam-ksa-2021/; https://sterlingandwilsondc.com/portfolios/etisalat-db-telecom-mumbai-jaipur-ahmedabad-lucknow-ambala-india/; https://sterlingandwilsondc.com/portfolios/faisal-islamic-bank-cairo-egypt/; https://sterlingandwilsondc.com/portfolios/global-colocation-data-center-chennai-india/; https://sterlingandwilsondc.com/portfolios/global-colocation-data-center-navi-mumbai-india/; https://sterlingandwilsondc.com/portfolios/global-colocation-data-center-pune-india-2021/; https://sterlingandwilsondc.com/portfolios/hyperscaler-data-center-hyderabad-india/; https://sterlingandwilsondc.com/portfolios/hyperscaler-data-center-mumbai-india-2021/; https://sterlingandwilsondc.com/portfolios/mainone-dc-accra-ghana/; https://sterlingandwilsondc.com/portfolios/national-information-center-nic-hyderabad-india/; https://sterlingandwilsondc.com/portfolios/national-securities-depository-ltd-nsdl-bangalore-india/; https://sterlingandwilsondc.com/portfolios/national-stock-exchange-chennai-india/; https://sterlingandwilsondc.com/portfolios/raxio-dr-congo/; https://sterlingandwilsondc.com/portfolios/software-technology-parks-of-india-stpi/; https://sterlingandwilsondc.com/portfolios/telecom-egypt-cloud-hub-dc-cairo-egypt/; https://sterlingandwilsondc.com/portfolios/telecom-egypt-nn1-cairo-egypt/; https://sterlingandwilsondc.com/portfolios/vodafone-india-limited-chennai-india/; https://sterlingandwilsondc.com/portfolios/vodafone-vois-cairo-egypt/; https://sterlingandwilsondc.com/prefabricated-containerised-data-centers/; https://sterlingandwilsondc.com/privacy-policy/; https://sterlingandwilsondc.com/projects-2-copy/; https://sterlingandwilsondc.com/projects/; https://sterlingandwilsondc.com/sitemap_index.xml; https://sterlingandwilsondc.com/smart-operations-old-2/; https://sterlingandwilsondc.com/smart-operations/; https://sterlingandwilsondc.com/sustainable-execution-duplicate/; https://sterlingandwilsondc.com/sustainable-execution/; https://sterlingandwilsondc.com/team-category/it-technology/; https://sterlingandwilsondc.com/teams/awadhesh-sharma/; https://sterlingandwilsondc.com/teams/ninad-bhise/; https://sterlingandwilsondc.com/teams/p-v-prasanth/; https://sterlingandwilsondc.com/teams/prasanna-sarambale/; https://sterlingandwilsondc.com/teams/rahul-deshpande/; https://sterlingandwilsondc.com/teams/rajeev-roy/; https://sterlingandwilsondc.com/teams/ranjit-gajare/; https://sterlingandwilsondc.com/teams/ravindra-bapat/; https://sterlingandwilsondc.com/test-project-page/; https://sterlingandwilsondc.com/testimonial-category/business/; https://sterlingandwilsondc.com/testimonials/27356/; https://sterlingandwilsondc.com/testing-page/; https://sterlingandwilsondc.com/the-ai-infrastructure-race-why-future-data-centres-must-be-ai-ready/; https://sterlingandwilsondc.com/thumbnail-slider/; https://sterlingandwilsondc.com/wp-sitemap-posts-page-1.xml,2026-10-07T04:08:09+00:00,200,Sustainable Execution – Sterling & Wilson Data Center,,https://sterlingandwilsondc.com/sustainable-execution/,max-image-preview:large,,docs/discovery/evidence/2026-10-07/6e5fabe48b05e934.json,Propose preserve exact URL and owner-approved content,https://sterlingandwilsondc.com/sustainable-execution/,pending,fetched; classification provisional,curl.exe public HTTPS GET; no site code executed,https://sterlingandwilsondc.com/sustainable-execution/,yes,Source text includes hidden/legacy blocks; not approved copy.
https://sterlingandwilsondc.com/team-category/it-technology/,taxonomy-archive,taxonomy-archive,https://sterlingandwilsondc.com/team-category/it-technology/; https://sterlingandwilsondc.com/wp-sitemap-taxonomies-team-category-1.xml,2026-10-07T04:08:44+00:00,200,IT Technology – Sterling & Wilson Data Center,,,max-image-preview:large,Team Categories: IT Technology,docs/discovery/evidence/2026-10-07/042a6bfd93bf6591.json,Hold disposition; owner approves retain/redirect/retire after SEO evidence,,pending,fetched; classification provisional,curl.exe public HTTPS GET; no site code executed,https://sterlingandwilsondc.com/team-category/it-technology/,yes,Source text includes hidden/legacy blocks; not approved copy.
https://sterlingandwilsondc.com/teams/awadhesh-sharma/,team-profile,team-profile,https://sterlingandwilsondc.com/our-team/; https://sterlingandwilsondc.com/team-category/it-technology/; https://sterlingandwilsondc.com/teams/awadhesh-sharma/; https://sterlingandwilsondc.com/wp-sitemap-posts-teams-1.xml,2026-10-07T04:08:33+00:00,200,Awadhesh Sharma – Sterling & Wilson Data Center,,https://sterlingandwilsondc.com/teams/awadhesh-sharma/,max-image-preview:large,Awadhesh Sharma,docs/discovery/evidence/2026-10-07/7b32476b0cf26b20.json,Hold disposition; owner approves retain/redirect/retire after SEO evidence,,pending,fetched; classification provisional,curl.exe public HTTPS GET; no site code executed,https://sterlingandwilsondc.com/teams/awadhesh-sharma/,yes,Source text includes hidden/legacy blocks; not approved copy.
https://sterlingandwilsondc.com/teams/ninad-bhise/,team-profile,team-profile,https://sterlingandwilsondc.com/our-team/; https://sterlingandwilsondc.com/team-category/it-technology/; https://sterlingandwilsondc.com/teams/ninad-bhise/; https://sterlingandwilsondc.com/wp-sitemap-posts-teams-1.xml,2026-10-07T04:08:36+00:00,200,Ninad Bhise – Sterling & Wilson Data Center,,https://sterlingandwilsondc.com/teams/ninad-bhise/,max-image-preview:large,Ninad Bhise,docs/discovery/evidence/2026-10-07/079f22979a4650e1.json,Hold disposition; owner approves retain/redirect/retire after SEO evidence,,pending,fetched; classification provisional,curl.exe public HTTPS GET; no site code executed,https://sterlingandwilsondc.com/teams/ninad-bhise/,yes,Source text includes hidden/legacy blocks; not approved copy.
https://sterlingandwilsondc.com/teams/p-v-prasanth/,team-profile,team-profile,https://sterlingandwilsondc.com/our-team/; https://sterlingandwilsondc.com/team-category/it-technology/; https://sterlingandwilsondc.com/teams/p-v-prasanth/; https://sterlingandwilsondc.com/wp-sitemap-posts-teams-1.xml,2026-10-07T04:08:36+00:00,200,P. V. Prasanth – Sterling & Wilson Data Center,,https://sterlingandwilsondc.com/teams/p-v-prasanth/,max-image-preview:large,P. V. Prasanth,docs/discovery/evidence/2026-10-07/65a8028ed9f4bd05.json,Hold disposition; owner approves retain/redirect/retire after SEO evidence,,pending,fetched; classification provisional,curl.exe public HTTPS GET; no site code executed,https://sterlingandwilsondc.com/teams/p-v-prasanth/,yes,Source text includes hidden/legacy blocks; not approved copy.
https://sterlingandwilsondc.com/teams/prasanna-sarambale/,team-profile,team-profile,https://sterlingandwilsondc.com/our-team/; https://sterlingandwilsondc.com/team-category/it-technology/; https://sterlingandwilsondc.com/teams/prasanna-sarambale/; https://sterlingandwilsondc.com/wp-sitemap-posts-teams-1.xml,2026-10-07T04:08:36+00:00,200,Prasanna Sarambale – Sterling & Wilson Data Center,,https://sterlingandwilsondc.com/teams/prasanna-sarambale/,max-image-preview:large,Prasanna Sarambale,docs/discovery/evidence/2026-10-07/737bca585de4604f.json,Hold disposition; owner approves retain/redirect/retire after SEO evidence,,pending,fetched; classification provisional,curl.exe public HTTPS GET; no site code executed,https://sterlingandwilsondc.com/teams/prasanna-sarambale/,yes,Source text includes hidden/legacy blocks; not approved copy.
https://sterlingandwilsondc.com/teams/rahul-deshpande/,team-profile,team-profile,https://sterlingandwilsondc.com/our-team/; https://sterlingandwilsondc.com/team-category/it-technology/; https://sterlingandwilsondc.com/teams/rahul-deshpande/; https://sterlingandwilsondc.com/wp-sitemap-posts-teams-1.xml,2026-10-07T04:08:36+00:00,200,Rahul Deshpande – Sterling & Wilson Data Center,,https://sterlingandwilsondc.com/teams/rahul-deshpande/,max-image-preview:large,Rahul Deshpande,docs/discovery/evidence/2026-10-07/5facd28dce2fe801.json,Hold disposition; owner approves retain/redirect/retire after SEO evidence,,pending,fetched; classification provisional,curl.exe public HTTPS GET; no site code executed,https://sterlingandwilsondc.com/teams/rahul-deshpande/,yes,Source text includes hidden/legacy blocks; not approved copy.
https://sterlingandwilsondc.com/teams/rajeev-roy/,team-profile,team-profile,https://sterlingandwilsondc.com/our-team/; https://sterlingandwilsondc.com/team-category/it-technology/; https://sterlingandwilsondc.com/teams/rajeev-roy/; https://sterlingandwilsondc.com/wp-sitemap-posts-teams-1.xml,2026-10-07T04:08:38+00:00,200,Rajeev Roy – Sterling & Wilson Data Center,,https://sterlingandwilsondc.com/teams/rajeev-roy/,max-image-preview:large,Rajeev Roy,docs/discovery/evidence/2026-10-07/4b13f341f30f6e36.json,Hold disposition; owner approves retain/redirect/retire after SEO evidence,,pending,fetched; classification provisional,curl.exe public HTTPS GET; no site code executed,https://sterlingandwilsondc.com/teams/rajeev-roy/,yes,Source text includes hidden/legacy blocks; not approved copy.
https://sterlingandwilsondc.com/teams/ranjit-gajare/,team-profile,team-profile,https://sterlingandwilsondc.com/our-team/; https://sterlingandwilsondc.com/team-category/it-technology/; https://sterlingandwilsondc.com/teams/ranjit-gajare/; https://sterlingandwilsondc.com/wp-sitemap-posts-teams-1.xml,2026-10-07T04:08:38+00:00,200,Ranjit Gajare – Sterling & Wilson Data Center,,https://sterlingandwilsondc.com/teams/ranjit-gajare/,max-image-preview:large,Ranjit Gajare,docs/discovery/evidence/2026-10-07/7b64878ec598080c.json,Hold disposition; owner approves retain/redirect/retire after SEO evidence,,pending,fetched; classification provisional,curl.exe public HTTPS GET; no site code executed,https://sterlingandwilsondc.com/teams/ranjit-gajare/,yes,Source text includes hidden/legacy blocks; not approved copy.
https://sterlingandwilsondc.com/teams/ravindra-bapat/,team-profile,team-profile,https://sterlingandwilsondc.com/our-team/; https://sterlingandwilsondc.com/team-category/it-technology/; https://sterlingandwilsondc.com/teams/ravindra-bapat/; https://sterlingandwilsondc.com/wp-sitemap-posts-teams-1.xml,2026-10-07T04:08:38+00:00,200,Ravindra Bapat – Sterling & Wilson Data Center,,https://sterlingandwilsondc.com/teams/ravindra-bapat/,max-image-preview:large,Ravindra Bapat,docs/discovery/evidence/2026-10-07/cd33be07875b2580.json,Hold disposition; owner approves retain/redirect/retire after SEO evidence,,pending,fetched; classification provisional,curl.exe public HTTPS GET; no site code executed,https://sterlingandwilsondc.com/teams/ravindra-bapat/,yes,Source text includes hidden/legacy blocks; not approved copy.
https://sterlingandwilsondc.com/test-project-page/,legacy-or-duplicate (approval required),legacy-or-duplicate (approval required),https://sterlingandwilsondc.com/test-project-page/; https://sterlingandwilsondc.com/wp-sitemap-posts-page-1.xml,2026-10-07T04:08:38+00:00,200,test project page – Sterling & Wilson Data Center,,https://sterlingandwilsondc.com/test-project-page/,max-image-preview:large,Projects,docs/discovery/evidence/2026-10-07/d22ded80faec58b0.json,Hold disposition; owner approves retain/redirect/retire after SEO evidence,,pending,fetched; classification provisional,curl.exe public HTTPS GET; no site code executed,https://sterlingandwilsondc.com/test-project-page/,yes,Source text includes hidden/legacy blocks; not approved copy.
https://sterlingandwilsondc.com/testimonial-category/business/,taxonomy-archive,taxonomy-archive,https://sterlingandwilsondc.com/testimonial-category/business/; https://sterlingandwilsondc.com/wp-sitemap-taxonomies-testimonial-category-1.xml,2026-10-07T04:08:45+00:00,200,Business – Sterling & Wilson Data Center,,,max-image-preview:large,Testimonial Categories: Business,docs/discovery/evidence/2026-10-07/473c0bbf19947f20.json,Hold disposition; owner approves retain/redirect/retire after SEO evidence,,pending,fetched; classification provisional,curl.exe public HTTPS GET; no site code executed,https://sterlingandwilsondc.com/testimonial-category/business/,yes,Source text includes hidden/legacy blocks; not approved copy.
https://sterlingandwilsondc.com/testimonials/27356/,testimonial-detail,testimonial-detail,https://sterlingandwilsondc.com/testimonial-category/business/; https://sterlingandwilsondc.com/testimonials/27356/; https://sterlingandwilsondc.com/wp-sitemap-posts-testimonials-1.xml,2026-10-07T04:08:42+00:00,200,Sterling & Wilson Data Center,,https://sterlingandwilsondc.com/testimonials/27356/,max-image-preview:large,,docs/discovery/evidence/2026-10-07/bb905a105973bbe4.json,Hold disposition; owner approves retain/redirect/retire after SEO evidence,,pending,fetched; classification provisional,curl.exe public HTTPS GET; no site code executed,https://sterlingandwilsondc.com/testimonials/27356/,yes,Source text includes hidden/legacy blocks; not approved copy.
https://sterlingandwilsondc.com/testing-page/,legacy-or-duplicate (approval required),legacy-or-duplicate (approval required),https://sterlingandwilsondc.com/testing-page/; https://sterlingandwilsondc.com/wp-sitemap-posts-page-1.xml,2026-10-07T04:08:40+00:00,200,Testing Page – Sterling & Wilson Data Center,,https://sterlingandwilsondc.com/testing-page/,max-image-preview:large,Testing Page | Services,docs/discovery/evidence/2026-10-07/92e67410f7b113ed.json,Hold disposition; owner approves retain/redirect/retire after SEO evidence,,pending,fetched; classification provisional,curl.exe public HTTPS GET; no site code executed,https://sterlingandwilsondc.com/testing-page/,yes,Source text includes hidden/legacy blocks; not approved copy.
https://sterlingandwilsondc.com/the-ai-infrastructure-race-why-future-data-centres-must-be-ai-ready/,blog-article,blog-article,https://sterlingandwilsondc.com/blogs/; https://sterlingandwilsondc.com/category/blog/; https://sterlingandwilsondc.com/the-ai-infrastructure-race-why-future-data-centres-must-be-ai-ready/; https://sterlingandwilsondc.com/wp-sitemap-posts-post-1.xml,2026-10-07T04:08:24+00:00,200,The AI Infrastructure Race: Why Future Data Centres Must Be AI-Ready – Sterling & Wilson Data Center,,https://sterlingandwilsondc.com/the-ai-infrastructure-race-why-future-data-centres-must-be-ai-ready/,max-image-preview:large,The AI Infrastructure Race: Why Future Data Centres Must Be AI-Ready,docs/discovery/evidence/2026-10-07/72851bf613db3d0f.json,Propose preserve exact URL and owner-approved content,https://sterlingandwilsondc.com/the-ai-infrastructure-race-why-future-data-centres-must-be-ai-ready/,pending,fetched; classification provisional,curl.exe public HTTPS GET; no site code executed,https://sterlingandwilsondc.com/the-ai-infrastructure-race-why-future-data-centres-must-be-ai-ready/,yes,Source text includes hidden/legacy blocks; not approved copy.
https://sterlingandwilsondc.com/thumbnail-slider/,legacy-or-duplicate (approval required),legacy-or-duplicate (approval required),https://sterlingandwilsondc.com/thumbnail-slider/; https://sterlingandwilsondc.com/wp-sitemap-posts-page-1.xml,2026-10-07T04:08:40+00:00,200,thumbnail slider – Sterling & Wilson Data Center,,https://sterlingandwilsondc.com/thumbnail-slider/,max-image-preview:large,thumbnail slider,docs/discovery/evidence/2026-10-07/8633e58ce8d091cd.json,Hold disposition; owner approves retain/redirect/retire after SEO evidence,,pending,fetched; classification provisional,curl.exe public HTTPS GET; no site code executed,https://sterlingandwilsondc.com/thumbnail-slider/,yes,Source text includes hidden/legacy blocks; not approved copy.
https://sterlingandwilsondc.com/wp-sitemap-posts-elementor-hf-1.xml,infrastructure,discovery-endpoint,https://sterlingandwilsondc.com/wp-sitemap.xml,2026-10-07T04:08:26+00:00,200,,,,,,docs/discovery/evidence/2026-10-07/77b60a6fdd4276fe.json,Discovery evidence only; publish fresh intended robots/sitemap later,,pending,fetched; classification provisional,curl.exe public HTTPS GET; no site code executed,https://sterlingandwilsondc.com/wp-sitemap-posts-elementor-hf-1.xml,no,
https://sterlingandwilsondc.com/wp-sitemap-posts-page-1.xml,infrastructure,discovery-endpoint,https://sterlingandwilsondc.com/wp-sitemap.xml,2026-10-07T04:08:26+00:00,200,,,,,,docs/discovery/evidence/2026-10-07/5f85fcff858c3f18.json,Discovery evidence only; publish fresh intended robots/sitemap later,,pending,fetched; classification provisional,curl.exe public HTTPS GET; no site code executed,https://sterlingandwilsondc.com/wp-sitemap-posts-page-1.xml,no,
https://sterlingandwilsondc.com/wp-sitemap-posts-portfolios-1.xml,infrastructure,discovery-endpoint,https://sterlingandwilsondc.com/wp-sitemap.xml,2026-10-07T04:08:26+00:00,200,,,,,,docs/discovery/evidence/2026-10-07/fe09deb8dd827585.json,Discovery evidence only; publish fresh intended robots/sitemap later,,pending,fetched; classification provisional,curl.exe public HTTPS GET; no site code executed,https://sterlingandwilsondc.com/wp-sitemap-posts-portfolios-1.xml,no,
https://sterlingandwilsondc.com/wp-sitemap-posts-post-1.xml,infrastructure,discovery-endpoint,https://sterlingandwilsondc.com/wp-sitemap.xml,2026-10-07T04:08:26+00:00,200,,,,,,docs/discovery/evidence/2026-10-07/1a3d84292d9ad8eb.json,Discovery evidence only; publish fresh intended robots/sitemap later,,pending,fetched; classification provisional,curl.exe public HTTPS GET; no site code executed,https://sterlingandwilsondc.com/wp-sitemap-posts-post-1.xml,no,
https://sterlingandwilsondc.com/wp-sitemap-posts-teams-1.xml,infrastructure,discovery-endpoint,https://sterlingandwilsondc.com/wp-sitemap.xml,2026-10-07T04:08:40+00:00,200,,,,,,docs/discovery/evidence/2026-10-07/54ac8b5900249ee1.json,Discovery evidence only; publish fresh intended robots/sitemap later,,pending,fetched; classification provisional,curl.exe public HTTPS GET; no site code executed,https://sterlingandwilsondc.com/wp-sitemap-posts-teams-1.xml,no,
https://sterlingandwilsondc.com/wp-sitemap-posts-testimonials-1.xml,infrastructure,discovery-endpoint,https://sterlingandwilsondc.com/wp-sitemap.xml,2026-10-07T04:08:40+00:00,200,,,,,,docs/discovery/evidence/2026-10-07/29602edc75e9a90f.json,Discovery evidence only; publish fresh intended robots/sitemap later,,pending,fetched; classification provisional,curl.exe public HTTPS GET; no site code executed,https://sterlingandwilsondc.com/wp-sitemap-posts-testimonials-1.xml,no,
https://sterlingandwilsondc.com/wp-sitemap-taxonomies-category-1.xml,infrastructure,discovery-endpoint,https://sterlingandwilsondc.com/wp-sitemap.xml,2026-10-07T04:08:42+00:00,200,,,,,,docs/discovery/evidence/2026-10-07/e3daabf945adf1a6.json,Discovery evidence only; publish fresh intended robots/sitemap later,,pending,fetched; classification provisional,curl.exe public HTTPS GET; no site code executed,https://sterlingandwilsondc.com/wp-sitemap-taxonomies-category-1.xml,no,
https://sterlingandwilsondc.com/wp-sitemap-taxonomies-portfolio-category-1.xml,infrastructure,discovery-endpoint,https://sterlingandwilsondc.com/wp-sitemap.xml,2026-10-07T04:08:42+00:00,200,,,,,,docs/discovery/evidence/2026-10-07/da5ae3d855d27aaf.json,Discovery evidence only; publish fresh intended robots/sitemap later,,pending,fetched; classification provisional,curl.exe public HTTPS GET; no site code executed,https://sterlingandwilsondc.com/wp-sitemap-taxonomies-portfolio-category-1.xml,no,
https://sterlingandwilsondc.com/wp-sitemap-taxonomies-team-category-1.xml,infrastructure,discovery-endpoint,https://sterlingandwilsondc.com/wp-sitemap.xml,2026-10-07T04:08:42+00:00,200,,,,,,docs/discovery/evidence/2026-10-07/552f7bf8a33cfd97.json,Discovery evidence only; publish fresh intended robots/sitemap later,,pending,fetched; classification provisional,curl.exe public HTTPS GET; no site code executed,https://sterlingandwilsondc.com/wp-sitemap-taxonomies-team-category-1.xml,no,
https://sterlingandwilsondc.com/wp-sitemap-taxonomies-testimonial-category-1.xml,infrastructure,discovery-endpoint,https://sterlingandwilsondc.com/wp-sitemap.xml,2026-10-07T04:08:44+00:00,200,,,,,,docs/discovery/evidence/2026-10-07/33d3144375d9c70c.json,Discovery evidence only; publish fresh intended robots/sitemap later,,pending,fetched; classification provisional,curl.exe public HTTPS GET; no site code executed,https://sterlingandwilsondc.com/wp-sitemap-taxonomies-testimonial-category-1.xml,no,
https://sterlingandwilsondc.com/wp-sitemap.xml,infrastructure,discovery-endpoint,https://sterlingandwilsondc.com/robots.txt,2026-10-07T04:08:24+00:00,200,,,,,,docs/discovery/evidence/2026-10-07/2264404a65271a27.json,Discovery evidence only; publish fresh intended robots/sitemap later,,pending,fetched; classification provisional,curl.exe public HTTPS GET; no site code executed,https://sterlingandwilsondc.com/wp-sitemap.xml,no,
