page_url,title,description,canonical,robots,og_title,og_description,og_image,structured_data,internal_links,evidence,status,observed_at,access_method,h1_count,http_status,x_robots_tag,missing_fields
https://sterlingandwilsondc.com/,"Sterling & Wilson Data Center – Your trusted partner in designing, building and managing world-class data centers",,https://sterlingandwilsondc.com/,max-image-preview:large,,,,,https://sterlingandwilsondc.com/; https://sterlingandwilsondc.com/about-us/; https://sterlingandwilsondc.com/awards-recognitions/; https://sterlingandwilsondc.com/blogs/; https://sterlingandwilsondc.com/careers/; https://sterlingandwilsondc.com/contact/; https://sterlingandwilsondc.com/corporate-governance/; https://sterlingandwilsondc.com/design-build/; https://sterlingandwilsondc.com/events/; https://sterlingandwilsondc.com/industry-memberships-and-recognitions/; https://sterlingandwilsondc.com/leadership/; https://sterlingandwilsondc.com/modular-construction/; https://sterlingandwilsondc.com/news-press-release/; https://sterlingandwilsondc.com/om-services/; https://sterlingandwilsondc.com/portfolios/bhamashah-state-data-center-jaipur-india/; https://sterlingandwilsondc.com/portfolios/edgnex-data-center-dammam-ksa-2021/; https://sterlingandwilsondc.com/portfolios/global-colocation-data-center-pune-india-2021/; https://sterlingandwilsondc.com/portfolios/hyperscaler-data-center-hyderabad-india/; https://sterlingandwilsondc.com/portfolios/raxio-dr-congo/; https://sterlingandwilsondc.com/portfolios/telecom-egypt-cloud-hub-dc-cairo-egypt/; https://sterlingandwilsondc.com/privacy-policy/; https://sterlingandwilsondc.com/projects/; https://sterlingandwilsondc.com/smart-operations/; https://sterlingandwilsondc.com/sustainable-execution/; https://sterlingandwilsondc.com/wp-content/uploads/2025/06/1-Million_BSDC.jpeg; https://sterlingandwilsondc.com/wp-content/uploads/2025/06/2-Million_BSDC.jpeg; https://sterlingandwilsondc.com/wp-content/uploads/2025/06/BSDC-4-Million-Safe-Man-Hours.jpg; https://sterlingandwilsondc.com/wp-content/uploads/2025/06/Damman-Data-Centre.jpg; https://sterlingandwilsondc.com/wp-content/uploads/2025/06/Midmax-Qatar.jpg; https://sterlingandwilsondc.com/wp-content/uploads/2025/07/Gold-Award-1.png; https://sterlingandwilsondc.com/wp-content/uploads/2025/07/Platinum-Award-1.png; https://sterlingandwilsondc.com/wp-content/uploads/2025/12/SW-HSE-Policy-June-2025.pdf; https://sterlingandwilsondc.com/wp-content/uploads/2026/06/OHSSAI-Safety-Awards.png; https://sterlingandwilsondc.com/wp-content/uploads/2026/06/britishes.png; https://sterlingandwilsondc.com/wp-content/uploads/2026/09/SWDC-Awards.png,docs/discovery/evidence/2026-10-07/5f6f595d1767e426.json,source fields inspected; indexation/backlinks unverified,2026-10-07T04:07:36+00:00,curl.exe public HTTPS GET; no site code executed,7,200,,description; og:title; og:description; og:image
https://sterlingandwilsondc.com/about-us/,About Us – Sterling & Wilson Data Center,,https://sterlingandwilsondc.com/about-us/,max-image-preview:large,,,,,https://sterlingandwilsondc.com/; https://sterlingandwilsondc.com/about-us/; https://sterlingandwilsondc.com/awards-recognitions/; https://sterlingandwilsondc.com/blogs/; https://sterlingandwilsondc.com/careers/; https://sterlingandwilsondc.com/contact/; https://sterlingandwilsondc.com/corporate-governance/; https://sterlingandwilsondc.com/design-build/; https://sterlingandwilsondc.com/events/; https://sterlingandwilsondc.com/industry-memberships-and-recognitions/; https://sterlingandwilsondc.com/leadership/; https://sterlingandwilsondc.com/modular-construction/; https://sterlingandwilsondc.com/news-press-release/; https://sterlingandwilsondc.com/om-services/; https://sterlingandwilsondc.com/privacy-policy/; https://sterlingandwilsondc.com/projects/; https://sterlingandwilsondc.com/smart-operations/; https://sterlingandwilsondc.com/sustainable-execution/; https://sterlingandwilsondc.com/wp-content/uploads/2025/12/SW-HSE-Policy-June-2025.pdf,docs/discovery/evidence/2026-10-07/25324146eb761a14.json,source fields inspected; indexation/backlinks unverified,2026-10-07T04:07:42+00:00,curl.exe public HTTPS GET; no site code executed,0,200,,description; og:title; og:description; og:image
https://sterlingandwilsondc.com/awards-recognitions/,Awards & Recognitions – Sterling & Wilson Data Center,,https://sterlingandwilsondc.com/awards-recognitions/,max-image-preview:large,,,,,https://sterlingandwilsondc.com/; https://sterlingandwilsondc.com/about-us/; https://sterlingandwilsondc.com/awards-recognitions/; https://sterlingandwilsondc.com/blogs/; https://sterlingandwilsondc.com/careers/; https://sterlingandwilsondc.com/contact/; https://sterlingandwilsondc.com/corporate-governance/; https://sterlingandwilsondc.com/design-build/; https://sterlingandwilsondc.com/events/; https://sterlingandwilsondc.com/industry-memberships-and-recognitions/; https://sterlingandwilsondc.com/leadership/; https://sterlingandwilsondc.com/modular-construction/; https://sterlingandwilsondc.com/news-press-release/; https://sterlingandwilsondc.com/om-services/; https://sterlingandwilsondc.com/privacy-policy/; https://sterlingandwilsondc.com/projects/; https://sterlingandwilsondc.com/smart-operations/; https://sterlingandwilsondc.com/sustainable-execution/; https://sterlingandwilsondc.com/wp-content/uploads/2025/06/1-Million_BSDC.jpeg; https://sterlingandwilsondc.com/wp-content/uploads/2025/06/2-Million_BSDC.jpeg; https://sterlingandwilsondc.com/wp-content/uploads/2025/06/BSDC-4-Million-Safe-Man-Hours.jpg; https://sterlingandwilsondc.com/wp-content/uploads/2025/06/Damman-Data-Centre.jpg; https://sterlingandwilsondc.com/wp-content/uploads/2025/06/Midmax-Qatar.jpg; https://sterlingandwilsondc.com/wp-content/uploads/2025/07/Gold-Award-1.png; https://sterlingandwilsondc.com/wp-content/uploads/2025/07/Platinum-Award-1.png; https://sterlingandwilsondc.com/wp-content/uploads/2025/07/colt.png; https://sterlingandwilsondc.com/wp-content/uploads/2025/12/SW-HSE-Policy-June-2025.pdf; https://sterlingandwilsondc.com/wp-content/uploads/2026/06/OHSSAI-Safety-Awards.png; https://sterlingandwilsondc.com/wp-content/uploads/2026/06/britishes.png; https://sterlingandwilsondc.com/wp-content/uploads/2026/06/certificate1.png; https://sterlingandwilsondc.com/wp-content/uploads/2026/09/SWDC-Awards.png,docs/discovery/evidence/2026-10-07/7dccf5eaafbddfb5.json,source fields inspected; indexation/backlinks unverified,2026-10-07T04:07:42+00:00,curl.exe public HTTPS GET; no site code executed,1,200,,description; og:title; og:description; og:image
https://sterlingandwilsondc.com/blogs/,Blogs – Sterling & Wilson Data Center,,https://sterlingandwilsondc.com/blogs/,max-image-preview:large,,,,,https://sterlingandwilsondc.com/; https://sterlingandwilsondc.com/about-us/; https://sterlingandwilsondc.com/awards-recognitions/; https://sterlingandwilsondc.com/blogs/; https://sterlingandwilsondc.com/careers/; https://sterlingandwilsondc.com/contact/; https://sterlingandwilsondc.com/corporate-governance/; https://sterlingandwilsondc.com/design-build/; https://sterlingandwilsondc.com/events/; https://sterlingandwilsondc.com/industry-memberships-and-recognitions/; https://sterlingandwilsondc.com/leadership/; https://sterlingandwilsondc.com/modular-construction/; https://sterlingandwilsondc.com/news-press-release/; https://sterlingandwilsondc.com/om-services/; https://sterlingandwilsondc.com/privacy-policy/; https://sterlingandwilsondc.com/projects/; https://sterlingandwilsondc.com/smart-operations/; https://sterlingandwilsondc.com/sustainable-execution/; https://sterlingandwilsondc.com/the-ai-infrastructure-race-why-future-data-centres-must-be-ai-ready/; https://sterlingandwilsondc.com/wp-content/uploads/2025/12/SW-HSE-Policy-June-2025.pdf,docs/discovery/evidence/2026-10-07/6fbe6222a0024c5d.json,source fields inspected; indexation/backlinks unverified,2026-10-07T04:07:42+00:00,curl.exe public HTTPS GET; no site code executed,0,200,,description; og:title; og:description; og:image
https://sterlingandwilsondc.com/careers-2/,Careers-2 – Sterling & Wilson Data Center,,https://sterlingandwilsondc.com/careers-2/,max-image-preview:large,,,,,https://sterlingandwilsondc.com/; https://sterlingandwilsondc.com/about-us/; https://sterlingandwilsondc.com/awards-recognitions/; https://sterlingandwilsondc.com/blogs/; https://sterlingandwilsondc.com/careers-2/; https://sterlingandwilsondc.com/careers/; https://sterlingandwilsondc.com/contact/; https://sterlingandwilsondc.com/corporate-governance/; https://sterlingandwilsondc.com/design-build/; https://sterlingandwilsondc.com/events/; https://sterlingandwilsondc.com/industry-memberships-and-recognitions/; https://sterlingandwilsondc.com/leadership/; https://sterlingandwilsondc.com/modular-construction/; https://sterlingandwilsondc.com/news-press-release/; https://sterlingandwilsondc.com/om-services/; https://sterlingandwilsondc.com/privacy-policy/; https://sterlingandwilsondc.com/projects/; https://sterlingandwilsondc.com/smart-operations/; https://sterlingandwilsondc.com/sustainable-execution/; https://sterlingandwilsondc.com/wp-content/uploads/2025/12/SW-HSE-Policy-June-2025.pdf,docs/discovery/evidence/2026-10-07/d8c165a4e20020e7.json,source fields inspected; indexation/backlinks unverified,2026-10-07T04:08:26+00:00,curl.exe public HTTPS GET; no site code executed,1,200,,description; og:title; og:description; og:image
https://sterlingandwilsondc.com/careers/,Careers – Sterling & Wilson Data Center,,https://sterlingandwilsondc.com/careers/,max-image-preview:large,,,,,https://sterlingandwilsondc.com/; https://sterlingandwilsondc.com/about-us/; https://sterlingandwilsondc.com/awards-recognitions/; https://sterlingandwilsondc.com/blogs/; https://sterlingandwilsondc.com/careers/; https://sterlingandwilsondc.com/contact/; https://sterlingandwilsondc.com/corporate-governance/; https://sterlingandwilsondc.com/design-build/; https://sterlingandwilsondc.com/events/; https://sterlingandwilsondc.com/industry-memberships-and-recognitions/; https://sterlingandwilsondc.com/leadership/; https://sterlingandwilsondc.com/modular-construction/; https://sterlingandwilsondc.com/news-press-release/; https://sterlingandwilsondc.com/om-services/; https://sterlingandwilsondc.com/privacy-policy/; https://sterlingandwilsondc.com/projects/; https://sterlingandwilsondc.com/smart-operations/; https://sterlingandwilsondc.com/sustainable-execution/; https://sterlingandwilsondc.com/wp-content/uploads/2025/12/SW-HSE-Policy-June-2025.pdf,docs/discovery/evidence/2026-10-07/22fce228e9571e0b.json,source fields inspected; indexation/backlinks unverified,2026-10-07T04:07:42+00:00,curl.exe public HTTPS GET; no site code executed,1,200,,description; og:title; og:description; og:image
https://sterlingandwilsondc.com/category/blog/,Blog – Sterling & Wilson Data Center,,,max-image-preview:large,,,,,https://sterlingandwilsondc.com/; https://sterlingandwilsondc.com/about-us/; https://sterlingandwilsondc.com/awards-recognitions/; https://sterlingandwilsondc.com/blogs/; https://sterlingandwilsondc.com/careers/; https://sterlingandwilsondc.com/category/blog/; https://sterlingandwilsondc.com/contact/; https://sterlingandwilsondc.com/corporate-governance/; https://sterlingandwilsondc.com/design-build/; https://sterlingandwilsondc.com/events/; https://sterlingandwilsondc.com/industry-memberships-and-recognitions/; https://sterlingandwilsondc.com/leadership/; https://sterlingandwilsondc.com/modular-construction/; https://sterlingandwilsondc.com/news-press-release/; https://sterlingandwilsondc.com/om-services/; https://sterlingandwilsondc.com/privacy-policy/; https://sterlingandwilsondc.com/projects/; https://sterlingandwilsondc.com/smart-operations/; https://sterlingandwilsondc.com/sustainable-execution/; https://sterlingandwilsondc.com/the-ai-infrastructure-race-why-future-data-centres-must-be-ai-ready/; https://sterlingandwilsondc.com/wp-content/uploads/2025/12/SW-HSE-Policy-June-2025.pdf,docs/discovery/evidence/2026-10-07/62476263e2877e88.json,source fields inspected; indexation/backlinks unverified,2026-10-07T04:08:44+00:00,curl.exe public HTTPS GET; no site code executed,1,200,,description; og:title; og:description; og:image
https://sterlingandwilsondc.com/contact/,Contact – Sterling & Wilson Data Center,,https://sterlingandwilsondc.com/contact/,max-image-preview:large,,,,,https://sterlingandwilsondc.com/; https://sterlingandwilsondc.com/about-us/; https://sterlingandwilsondc.com/awards-recognitions/; https://sterlingandwilsondc.com/blogs/; https://sterlingandwilsondc.com/careers/; https://sterlingandwilsondc.com/contact/; https://sterlingandwilsondc.com/corporate-governance/; https://sterlingandwilsondc.com/design-build/; https://sterlingandwilsondc.com/events/; https://sterlingandwilsondc.com/industry-memberships-and-recognitions/; https://sterlingandwilsondc.com/leadership/; https://sterlingandwilsondc.com/modular-construction/; https://sterlingandwilsondc.com/news-press-release/; https://sterlingandwilsondc.com/om-services/; https://sterlingandwilsondc.com/privacy-policy/; https://sterlingandwilsondc.com/projects/; https://sterlingandwilsondc.com/smart-operations/; https://sterlingandwilsondc.com/sustainable-execution/; https://sterlingandwilsondc.com/wp-content/uploads/2025/12/SW-HSE-Policy-June-2025.pdf,docs/discovery/evidence/2026-10-07/aa24a90819eaa631.json,source fields inspected; indexation/backlinks unverified,2026-10-07T04:07:49+00:00,curl.exe public HTTPS GET; no site code executed,1,200,,description; og:title; og:description; og:image
https://sterlingandwilsondc.com/conventional-brick-mortar-data-center/,Page not found – Sterling & Wilson Data Center,,,max-image-preview:large,,,,,https://sterlingandwilsondc.com/; https://sterlingandwilsondc.com/about-us/; https://sterlingandwilsondc.com/awards-recognitions/; https://sterlingandwilsondc.com/blogs/; https://sterlingandwilsondc.com/careers/; https://sterlingandwilsondc.com/contact/; https://sterlingandwilsondc.com/conventional-brick-mortar-data-center/; https://sterlingandwilsondc.com/corporate-governance/; https://sterlingandwilsondc.com/design-build/; https://sterlingandwilsondc.com/events/; https://sterlingandwilsondc.com/industry-memberships-and-recognitions/; https://sterlingandwilsondc.com/leadership/; https://sterlingandwilsondc.com/modular-construction/; https://sterlingandwilsondc.com/news-press-release/; https://sterlingandwilsondc.com/om-services/; https://sterlingandwilsondc.com/privacy-policy/; https://sterlingandwilsondc.com/projects/; https://sterlingandwilsondc.com/smart-operations/; https://sterlingandwilsondc.com/sustainable-execution/; https://sterlingandwilsondc.com/wp-content/uploads/2025/12/SW-HSE-Policy-June-2025.pdf,docs/discovery/evidence/2026-10-07/63b427cb79c15866.json,source fields inspected; indexation/backlinks unverified,2026-10-07T04:08:29+00:00,curl.exe public HTTPS GET; no site code executed,1,404,,description; og:title; og:description; og:image
https://sterlingandwilsondc.com/corporate-governance/,Corporate Governance – Sterling & Wilson Data Center,,https://sterlingandwilsondc.com/corporate-governance/,max-image-preview:large,,,,,https://sterlingandwilsondc.com/; https://sterlingandwilsondc.com/about-us/; https://sterlingandwilsondc.com/awards-recognitions/; https://sterlingandwilsondc.com/blogs/; https://sterlingandwilsondc.com/careers/; https://sterlingandwilsondc.com/contact/; https://sterlingandwilsondc.com/corporate-governance/; https://sterlingandwilsondc.com/design-build/; https://sterlingandwilsondc.com/events/; https://sterlingandwilsondc.com/industry-memberships-and-recognitions/; https://sterlingandwilsondc.com/leadership/; https://sterlingandwilsondc.com/modular-construction/; https://sterlingandwilsondc.com/news-press-release/; https://sterlingandwilsondc.com/om-services/; https://sterlingandwilsondc.com/privacy-policy/; https://sterlingandwilsondc.com/projects/; https://sterlingandwilsondc.com/smart-operations/; https://sterlingandwilsondc.com/sustainable-execution/; https://sterlingandwilsondc.com/wp-content/uploads/2025/12/SW-HSE-Policy-June-2025.pdf; https://sterlingandwilsondc.com/wp-content/uploads/2026/10/Corporate-Social-Responsibility-CSR-Policy.pdf; https://sterlingandwilsondc.com/wp-content/uploads/2026/10/FY-2023-24-1.pdf; https://sterlingandwilsondc.com/wp-content/uploads/2026/10/FY-2024-25.pdf,docs/discovery/evidence/2026-10-07/b7fb809bdc7127f2.json,source fields inspected; indexation/backlinks unverified,2026-10-07T04:07:50+00:00,curl.exe public HTTPS GET; no site code executed,0,200,,description; og:title; og:description; og:image
https://sterlingandwilsondc.com/design-build/,Design & Build – Sterling & Wilson Data Center,,https://sterlingandwilsondc.com/design-build/,max-image-preview:large,,,,,https://sterlingandwilsondc.com/; https://sterlingandwilsondc.com/about-us/; https://sterlingandwilsondc.com/awards-recognitions/; https://sterlingandwilsondc.com/blogs/; https://sterlingandwilsondc.com/careers/; https://sterlingandwilsondc.com/contact/; https://sterlingandwilsondc.com/corporate-governance/; https://sterlingandwilsondc.com/design-build/; https://sterlingandwilsondc.com/events/; https://sterlingandwilsondc.com/industry-memberships-and-recognitions/; https://sterlingandwilsondc.com/leadership/; https://sterlingandwilsondc.com/modular-construction/; https://sterlingandwilsondc.com/news-press-release/; https://sterlingandwilsondc.com/om-services/; https://sterlingandwilsondc.com/portfolios/bhamashah-state-data-center-jaipur-india/; https://sterlingandwilsondc.com/portfolios/edgnex-data-center-dammam-ksa-2021/; https://sterlingandwilsondc.com/portfolios/global-colocation-data-center-pune-india-2021/; https://sterlingandwilsondc.com/portfolios/hyperscaler-data-center-hyderabad-india/; https://sterlingandwilsondc.com/portfolios/raxio-dr-congo/; https://sterlingandwilsondc.com/portfolios/telecom-egypt-cloud-hub-dc-cairo-egypt/; https://sterlingandwilsondc.com/privacy-policy/; https://sterlingandwilsondc.com/projects/; https://sterlingandwilsondc.com/smart-operations/; https://sterlingandwilsondc.com/sustainable-execution/; https://sterlingandwilsondc.com/wp-content/uploads/2025/12/SW-HSE-Policy-June-2025.pdf,docs/discovery/evidence/2026-10-07/9e47bf7407643f13.json,source fields inspected; indexation/backlinks unverified,2026-10-07T04:07:50+00:00,curl.exe public HTTPS GET; no site code executed,1,200,,description; og:title; og:description; og:image
https://sterlingandwilsondc.com/elementor-hf/my-custom-footer/,"Sterling & Wilson Data Center – Your trusted partner in designing, building and managing world-class data centers",,https://sterlingandwilsondc.com/,max-image-preview:large,,,,,https://sterlingandwilsondc.com/; https://sterlingandwilsondc.com/about-us/; https://sterlingandwilsondc.com/awards-recognitions/; https://sterlingandwilsondc.com/blogs/; https://sterlingandwilsondc.com/careers/; https://sterlingandwilsondc.com/contact/; https://sterlingandwilsondc.com/corporate-governance/; https://sterlingandwilsondc.com/design-build/; https://sterlingandwilsondc.com/events/; https://sterlingandwilsondc.com/industry-memberships-and-recognitions/; https://sterlingandwilsondc.com/leadership/; https://sterlingandwilsondc.com/modular-construction/; https://sterlingandwilsondc.com/news-press-release/; https://sterlingandwilsondc.com/om-services/; https://sterlingandwilsondc.com/portfolios/bhamashah-state-data-center-jaipur-india/; https://sterlingandwilsondc.com/portfolios/edgnex-data-center-dammam-ksa-2021/; https://sterlingandwilsondc.com/portfolios/global-colocation-data-center-pune-india-2021/; https://sterlingandwilsondc.com/portfolios/hyperscaler-data-center-hyderabad-india/; https://sterlingandwilsondc.com/portfolios/raxio-dr-congo/; https://sterlingandwilsondc.com/portfolios/telecom-egypt-cloud-hub-dc-cairo-egypt/; https://sterlingandwilsondc.com/privacy-policy/; https://sterlingandwilsondc.com/projects/; https://sterlingandwilsondc.com/smart-operations/; https://sterlingandwilsondc.com/sustainable-execution/; https://sterlingandwilsondc.com/wp-content/uploads/2025/06/1-Million_BSDC.jpeg; https://sterlingandwilsondc.com/wp-content/uploads/2025/06/2-Million_BSDC.jpeg; https://sterlingandwilsondc.com/wp-content/uploads/2025/06/BSDC-4-Million-Safe-Man-Hours.jpg; https://sterlingandwilsondc.com/wp-content/uploads/2025/06/Damman-Data-Centre.jpg; https://sterlingandwilsondc.com/wp-content/uploads/2025/06/Midmax-Qatar.jpg; https://sterlingandwilsondc.com/wp-content/uploads/2025/07/Gold-Award-1.png; https://sterlingandwilsondc.com/wp-content/uploads/2025/07/Platinum-Award-1.png; https://sterlingandwilsondc.com/wp-content/uploads/2025/12/SW-HSE-Policy-June-2025.pdf; https://sterlingandwilsondc.com/wp-content/uploads/2026/06/OHSSAI-Safety-Awards.png; https://sterlingandwilsondc.com/wp-content/uploads/2026/06/britishes.png; https://sterlingandwilsondc.com/wp-content/uploads/2026/09/SWDC-Awards.png,docs/discovery/evidence/2026-10-07/28f5bd0857dc9030.json,source fields inspected; indexation/backlinks unverified,2026-10-07T04:08:26+00:00,curl.exe public HTTPS GET; no site code executed,7,200,,description; og:title; og:description; og:image
https://sterlingandwilsondc.com/events/,Events – Sterling & Wilson Data Center,,https://sterlingandwilsondc.com/events/,max-image-preview:large,,,,,https://sterlingandwilsondc.com/; https://sterlingandwilsondc.com/about-us/; https://sterlingandwilsondc.com/awards-recognitions/; https://sterlingandwilsondc.com/blogs/; https://sterlingandwilsondc.com/careers/; https://sterlingandwilsondc.com/contact/; https://sterlingandwilsondc.com/corporate-governance/; https://sterlingandwilsondc.com/design-build/; https://sterlingandwilsondc.com/events/; https://sterlingandwilsondc.com/industry-memberships-and-recognitions/; https://sterlingandwilsondc.com/leadership/; https://sterlingandwilsondc.com/modular-construction/; https://sterlingandwilsondc.com/news-press-release/; https://sterlingandwilsondc.com/om-services/; https://sterlingandwilsondc.com/privacy-policy/; https://sterlingandwilsondc.com/projects/; https://sterlingandwilsondc.com/smart-operations/; https://sterlingandwilsondc.com/sustainable-execution/; https://sterlingandwilsondc.com/wp-content/uploads/2025/12/SW-HSE-Policy-June-2025.pdf,docs/discovery/evidence/2026-10-07/b6176962409ee39e.json,source fields inspected; indexation/backlinks unverified,2026-10-07T04:07:50+00:00,curl.exe public HTTPS GET; no site code executed,0,200,,description; og:title; og:description; og:image
https://sterlingandwilsondc.com/faqs/,FAQs – Sterling & Wilson Data Center,,https://sterlingandwilsondc.com/faqs/,max-image-preview:large,,,,,https://sterlingandwilsondc.com/; https://sterlingandwilsondc.com/about-us/; https://sterlingandwilsondc.com/awards-recognitions/; https://sterlingandwilsondc.com/blogs/; https://sterlingandwilsondc.com/careers/; https://sterlingandwilsondc.com/contact/; https://sterlingandwilsondc.com/corporate-governance/; https://sterlingandwilsondc.com/design-build/; https://sterlingandwilsondc.com/events/; https://sterlingandwilsondc.com/faqs/; https://sterlingandwilsondc.com/industry-memberships-and-recognitions/; https://sterlingandwilsondc.com/leadership/; https://sterlingandwilsondc.com/modular-construction/; https://sterlingandwilsondc.com/news-press-release/; https://sterlingandwilsondc.com/om-services/; https://sterlingandwilsondc.com/privacy-policy/; https://sterlingandwilsondc.com/projects/; https://sterlingandwilsondc.com/smart-operations/; https://sterlingandwilsondc.com/sustainable-execution/; https://sterlingandwilsondc.com/wp-content/uploads/2025/12/SW-HSE-Policy-June-2025.pdf,docs/discovery/evidence/2026-10-07/488881eec7e3f0e9.json,source fields inspected; indexation/backlinks unverified,2026-10-07T04:08:26+00:00,curl.exe public HTTPS GET; no site code executed,1,200,,description; og:title; og:description; og:image
https://sterlingandwilsondc.com/home-2-copy/,Home-2 copy – Sterling & Wilson Data Center,,https://sterlingandwilsondc.com/home-2-copy/,max-image-preview:large,,,,,https://sterlingandwilsondc.com/; https://sterlingandwilsondc.com/about-us/; https://sterlingandwilsondc.com/awards-recognitions/; https://sterlingandwilsondc.com/blogs/; https://sterlingandwilsondc.com/careers/; https://sterlingandwilsondc.com/contact/; https://sterlingandwilsondc.com/conventional-brick-mortar-data-center/; https://sterlingandwilsondc.com/corporate-governance/; https://sterlingandwilsondc.com/design-build/; https://sterlingandwilsondc.com/events/; https://sterlingandwilsondc.com/home-2-copy/; https://sterlingandwilsondc.com/industry-memberships-and-recognitions/; https://sterlingandwilsondc.com/leadership/; https://sterlingandwilsondc.com/modular-construction/; https://sterlingandwilsondc.com/modular-data-centers/; https://sterlingandwilsondc.com/news-press-release/; https://sterlingandwilsondc.com/om-services/; https://sterlingandwilsondc.com/portfolio-category/domestic/; https://sterlingandwilsondc.com/portfolio-category/international/; https://sterlingandwilsondc.com/portfolios/bhamashah-state-data-center-jaipur-india/; https://sterlingandwilsondc.com/portfolios/colocation-data-center-navi-mumbai-india-2025/; https://sterlingandwilsondc.com/portfolios/edgnex-data-center-dammam-ksa-2021/; https://sterlingandwilsondc.com/portfolios/etisalat-db-telecom-mumbai-jaipur-ahmedabad-lucknow-ambala-india/; https://sterlingandwilsondc.com/portfolios/faisal-islamic-bank-cairo-egypt/; https://sterlingandwilsondc.com/portfolios/global-colocation-data-center-chennai-india/; https://sterlingandwilsondc.com/portfolios/global-colocation-data-center-navi-mumbai-india/; https://sterlingandwilsondc.com/portfolios/global-colocation-data-center-pune-india-2021/; https://sterlingandwilsondc.com/portfolios/hyperscaler-data-center-hyderabad-india/; https://sterlingandwilsondc.com/portfolios/hyperscaler-data-center-mumbai-india-2021/; https://sterlingandwilsondc.com/portfolios/mainone-dc-accra-ghana/; https://sterlingandwilsondc.com/portfolios/national-information-center-nic-hyderabad-india/; https://sterlingandwilsondc.com/portfolios/national-securities-depository-ltd-nsdl-bangalore-india/; https://sterlingandwilsondc.com/portfolios/national-stock-exchange-chennai-india/; https://sterlingandwilsondc.com/portfolios/raxio-dr-congo/; https://sterlingandwilsondc.com/portfolios/software-technology-parks-of-india-stpi/; https://sterlingandwilsondc.com/portfolios/telecom-egypt-cloud-hub-dc-cairo-egypt/; https://sterlingandwilsondc.com/portfolios/telecom-egypt-nn1-cairo-egypt/; https://sterlingandwilsondc.com/portfolios/vodafone-india-limited-chennai-india/; https://sterlingandwilsondc.com/portfolios/vodafone-vois-cairo-egypt/; https://sterlingandwilsondc.com/prefabricated-containerised-data-centers/; https://sterlingandwilsondc.com/privacy-policy/; https://sterlingandwilsondc.com/projects/; https://sterlingandwilsondc.com/smart-operations/; https://sterlingandwilsondc.com/sustainable-execution/; https://sterlingandwilsondc.com/wp-content/uploads/2025/12/SW-HSE-Policy-June-2025.pdf,docs/discovery/evidence/2026-10-07/35143a53b958a9cf.json,source fields inspected; indexation/backlinks unverified,2026-10-07T04:08:26+00:00,curl.exe public HTTPS GET; no site code executed,14,200,,description; og:title; og:description; og:image
https://sterlingandwilsondc.com/home-copy/,Home-copy – Sterling & Wilson Data Center,,https://sterlingandwilsondc.com/home-copy/,max-image-preview:large,,,,,https://sterlingandwilsondc.com/; https://sterlingandwilsondc.com/about-us/; https://sterlingandwilsondc.com/awards-recognitions/; https://sterlingandwilsondc.com/blogs/; https://sterlingandwilsondc.com/careers/; https://sterlingandwilsondc.com/contact/; https://sterlingandwilsondc.com/corporate-governance/; https://sterlingandwilsondc.com/design-build/; https://sterlingandwilsondc.com/events/; https://sterlingandwilsondc.com/home-copy/; https://sterlingandwilsondc.com/industry-memberships-and-recognitions/; https://sterlingandwilsondc.com/leadership/; https://sterlingandwilsondc.com/modular-construction/; https://sterlingandwilsondc.com/news-press-release/; https://sterlingandwilsondc.com/om-services/; https://sterlingandwilsondc.com/portfolios/bhamashah-state-data-center-jaipur-india/; https://sterlingandwilsondc.com/portfolios/edgnex-data-center-dammam-ksa-2021/; https://sterlingandwilsondc.com/portfolios/global-colocation-data-center-pune-india-2021/; https://sterlingandwilsondc.com/portfolios/hyperscaler-data-center-hyderabad-india/; https://sterlingandwilsondc.com/portfolios/raxio-dr-congo/; https://sterlingandwilsondc.com/portfolios/telecom-egypt-cloud-hub-dc-cairo-egypt/; https://sterlingandwilsondc.com/privacy-policy/; https://sterlingandwilsondc.com/projects/; https://sterlingandwilsondc.com/smart-operations/; https://sterlingandwilsondc.com/sustainable-execution/; https://sterlingandwilsondc.com/wp-content/uploads/2025/06/1-Million_BSDC.jpeg; https://sterlingandwilsondc.com/wp-content/uploads/2025/06/2-Million_BSDC.jpeg; https://sterlingandwilsondc.com/wp-content/uploads/2025/06/BSDC-4-Million-Safe-Man-Hours.jpg; https://sterlingandwilsondc.com/wp-content/uploads/2025/06/Damman-Data-Centre.jpg; https://sterlingandwilsondc.com/wp-content/uploads/2025/06/Midmax-Qatar.jpg; https://sterlingandwilsondc.com/wp-content/uploads/2025/07/Gold-Award-1.png; https://sterlingandwilsondc.com/wp-content/uploads/2025/07/Platinum-Award-1.png; https://sterlingandwilsondc.com/wp-content/uploads/2025/12/SW-HSE-Policy-June-2025.pdf,docs/discovery/evidence/2026-10-07/c9ba739bb678873c.json,source fields inspected; indexation/backlinks unverified,2026-10-07T04:08:29+00:00,curl.exe public HTTPS GET; no site code executed,7,200,,description; og:title; og:description; og:image
https://sterlingandwilsondc.com/home-duplicate/,Home – Duplicate – Sterling & Wilson Data Center,,https://sterlingandwilsondc.com/home-duplicate/,max-image-preview:large,,,,,https://sterlingandwilsondc.com/; https://sterlingandwilsondc.com/about-us/; https://sterlingandwilsondc.com/awards-recognitions/; https://sterlingandwilsondc.com/blogs/; https://sterlingandwilsondc.com/careers/; https://sterlingandwilsondc.com/contact/; https://sterlingandwilsondc.com/corporate-governance/; https://sterlingandwilsondc.com/design-build/; https://sterlingandwilsondc.com/events/; https://sterlingandwilsondc.com/home-duplicate/; https://sterlingandwilsondc.com/industry-memberships-and-recognitions/; https://sterlingandwilsondc.com/leadership/; https://sterlingandwilsondc.com/modular-construction/; https://sterlingandwilsondc.com/news-press-release/; https://sterlingandwilsondc.com/om-services/; https://sterlingandwilsondc.com/portfolio-category/domestic/; https://sterlingandwilsondc.com/portfolio-category/international/; https://sterlingandwilsondc.com/portfolios/bhamashah-state-data-center-jaipur-india/; https://sterlingandwilsondc.com/portfolios/colocation-data-center-navi-mumbai-india-2025/; https://sterlingandwilsondc.com/portfolios/edgnex-data-center-dammam-ksa-2021/; https://sterlingandwilsondc.com/portfolios/etisalat-db-telecom-mumbai-jaipur-ahmedabad-lucknow-ambala-india/; https://sterlingandwilsondc.com/portfolios/faisal-islamic-bank-cairo-egypt/; https://sterlingandwilsondc.com/portfolios/global-colocation-data-center-chennai-india/; https://sterlingandwilsondc.com/portfolios/global-colocation-data-center-navi-mumbai-india/; https://sterlingandwilsondc.com/portfolios/global-colocation-data-center-pune-india-2021/; https://sterlingandwilsondc.com/portfolios/hyperscaler-data-center-hyderabad-india/; https://sterlingandwilsondc.com/portfolios/hyperscaler-data-center-mumbai-india-2021/; https://sterlingandwilsondc.com/portfolios/mainone-dc-accra-ghana/; https://sterlingandwilsondc.com/portfolios/national-information-center-nic-hyderabad-india/; https://sterlingandwilsondc.com/portfolios/national-securities-depository-ltd-nsdl-bangalore-india/; https://sterlingandwilsondc.com/portfolios/national-stock-exchange-chennai-india/; https://sterlingandwilsondc.com/portfolios/raxio-dr-congo/; https://sterlingandwilsondc.com/portfolios/software-technology-parks-of-india-stpi/; https://sterlingandwilsondc.com/portfolios/telecom-egypt-cloud-hub-dc-cairo-egypt/; https://sterlingandwilsondc.com/portfolios/telecom-egypt-nn1-cairo-egypt/; https://sterlingandwilsondc.com/portfolios/vodafone-india-limited-chennai-india/; https://sterlingandwilsondc.com/portfolios/vodafone-vois-cairo-egypt/; https://sterlingandwilsondc.com/privacy-policy/; https://sterlingandwilsondc.com/projects/; https://sterlingandwilsondc.com/smart-operations/; https://sterlingandwilsondc.com/sustainable-execution/; https://sterlingandwilsondc.com/wp-content/uploads/2025/12/SW-HSE-Policy-June-2025.pdf,docs/discovery/evidence/2026-10-07/5a3ee58bd1636f6f.json,source fields inspected; indexation/backlinks unverified,2026-10-07T04:08:29+00:00,curl.exe public HTTPS GET; no site code executed,8,200,,description; og:title; og:description; og:image
https://sterlingandwilsondc.com/industry-memberships-and-recognitions/,Industry Memberships and Recognitions – Sterling & Wilson Data Center,,https://sterlingandwilsondc.com/industry-memberships-and-recognitions/,max-image-preview:large,,,,,https://sterlingandwilsondc.com/; https://sterlingandwilsondc.com/about-us/; https://sterlingandwilsondc.com/awards-recognitions/; https://sterlingandwilsondc.com/blogs/; https://sterlingandwilsondc.com/careers/; https://sterlingandwilsondc.com/contact/; https://sterlingandwilsondc.com/corporate-governance/; https://sterlingandwilsondc.com/design-build/; https://sterlingandwilsondc.com/events/; https://sterlingandwilsondc.com/industry-memberships-and-recognitions/; https://sterlingandwilsondc.com/leadership/; https://sterlingandwilsondc.com/modular-construction/; https://sterlingandwilsondc.com/news-press-release/; https://sterlingandwilsondc.com/om-services/; https://sterlingandwilsondc.com/privacy-policy/; https://sterlingandwilsondc.com/projects/; https://sterlingandwilsondc.com/smart-operations/; https://sterlingandwilsondc.com/sustainable-execution/; https://sterlingandwilsondc.com/wp-content/uploads/2025/12/SW-HSE-Policy-June-2025.pdf,docs/discovery/evidence/2026-10-07/c548b13d1dc4a24d.json,source fields inspected; indexation/backlinks unverified,2026-10-07T04:07:55+00:00,curl.exe public HTTPS GET; no site code executed,0,200,,description; og:title; og:description; og:image
https://sterlingandwilsondc.com/knowledge-corner/,Knowledge Corner – Sterling & Wilson Data Center,,https://sterlingandwilsondc.com/knowledge-corner/,max-image-preview:large,,,,,https://sterlingandwilsondc.com/; https://sterlingandwilsondc.com/about-us/; https://sterlingandwilsondc.com/awards-recognitions/; https://sterlingandwilsondc.com/blogs/; https://sterlingandwilsondc.com/careers/; https://sterlingandwilsondc.com/contact/; https://sterlingandwilsondc.com/corporate-governance/; https://sterlingandwilsondc.com/design-build/; https://sterlingandwilsondc.com/events/; https://sterlingandwilsondc.com/industry-memberships-and-recognitions/; https://sterlingandwilsondc.com/knowledge-corner/; https://sterlingandwilsondc.com/leadership/; https://sterlingandwilsondc.com/modular-construction/; https://sterlingandwilsondc.com/news-press-release/; https://sterlingandwilsondc.com/newsroom/; https://sterlingandwilsondc.com/om-services/; https://sterlingandwilsondc.com/privacy-policy/; https://sterlingandwilsondc.com/projects/; https://sterlingandwilsondc.com/smart-operations/; https://sterlingandwilsondc.com/sustainable-execution/; https://sterlingandwilsondc.com/wp-content/uploads/2025/12/SW-HSE-Policy-June-2025.pdf,docs/discovery/evidence/2026-10-07/057f8396bb204123.json,source fields inspected; indexation/backlinks unverified,2026-10-07T04:08:29+00:00,curl.exe public HTTPS GET; no site code executed,0,200,,description; og:title; og:description; og:image
https://sterlingandwilsondc.com/leadership/,Leadership – Sterling & Wilson Data Center,,https://sterlingandwilsondc.com/leadership/,max-image-preview:large,,,,,https://sterlingandwilsondc.com/; https://sterlingandwilsondc.com/about-us/; https://sterlingandwilsondc.com/awards-recognitions/; https://sterlingandwilsondc.com/blogs/; https://sterlingandwilsondc.com/careers/; https://sterlingandwilsondc.com/contact/; https://sterlingandwilsondc.com/corporate-governance/; https://sterlingandwilsondc.com/design-build/; https://sterlingandwilsondc.com/events/; https://sterlingandwilsondc.com/industry-memberships-and-recognitions/; https://sterlingandwilsondc.com/leadership/; https://sterlingandwilsondc.com/modular-construction/; https://sterlingandwilsondc.com/news-press-release/; https://sterlingandwilsondc.com/om-services/; https://sterlingandwilsondc.com/privacy-policy/; https://sterlingandwilsondc.com/projects/; https://sterlingandwilsondc.com/smart-operations/; https://sterlingandwilsondc.com/sustainable-execution/; https://sterlingandwilsondc.com/wp-content/uploads/2025/12/SW-HSE-Policy-June-2025.pdf,docs/discovery/evidence/2026-10-07/919ed249c8460f7f.json,source fields inspected; indexation/backlinks unverified,2026-10-07T04:07:55+00:00,curl.exe public HTTPS GET; no site code executed,0,200,,description; og:title; og:description; og:image
https://sterlingandwilsondc.com/modular-construction/,Modular Construction – Sterling & Wilson Data Center,,https://sterlingandwilsondc.com/modular-construction/,max-image-preview:large,,,,,https://sterlingandwilsondc.com/; https://sterlingandwilsondc.com/about-us/; https://sterlingandwilsondc.com/awards-recognitions/; https://sterlingandwilsondc.com/blogs/; https://sterlingandwilsondc.com/careers/; https://sterlingandwilsondc.com/contact/; https://sterlingandwilsondc.com/corporate-governance/; https://sterlingandwilsondc.com/design-build/; https://sterlingandwilsondc.com/events/; https://sterlingandwilsondc.com/industry-memberships-and-recognitions/; https://sterlingandwilsondc.com/leadership/; https://sterlingandwilsondc.com/modular-construction/; https://sterlingandwilsondc.com/news-press-release/; https://sterlingandwilsondc.com/om-services/; https://sterlingandwilsondc.com/privacy-policy/; https://sterlingandwilsondc.com/projects/; https://sterlingandwilsondc.com/smart-operations/; https://sterlingandwilsondc.com/sustainable-execution/; https://sterlingandwilsondc.com/wp-content/uploads/2025/12/SW-HSE-Policy-June-2025.pdf,docs/discovery/evidence/2026-10-07/8258ea59e3d23ff7.json,source fields inspected; indexation/backlinks unverified,2026-10-07T04:07:55+00:00,curl.exe public HTTPS GET; no site code executed,0,200,,description; og:title; og:description; og:image
https://sterlingandwilsondc.com/modular-data-centers/,Page not found – Sterling & Wilson Data Center,,,max-image-preview:large,,,,,https://sterlingandwilsondc.com/; https://sterlingandwilsondc.com/about-us/; https://sterlingandwilsondc.com/awards-recognitions/; https://sterlingandwilsondc.com/blogs/; https://sterlingandwilsondc.com/careers/; https://sterlingandwilsondc.com/contact/; https://sterlingandwilsondc.com/corporate-governance/; https://sterlingandwilsondc.com/design-build/; https://sterlingandwilsondc.com/events/; https://sterlingandwilsondc.com/industry-memberships-and-recognitions/; https://sterlingandwilsondc.com/leadership/; https://sterlingandwilsondc.com/modular-construction/; https://sterlingandwilsondc.com/modular-data-centers/; https://sterlingandwilsondc.com/news-press-release/; https://sterlingandwilsondc.com/om-services/; https://sterlingandwilsondc.com/privacy-policy/; https://sterlingandwilsondc.com/projects/; https://sterlingandwilsondc.com/smart-operations/; https://sterlingandwilsondc.com/sustainable-execution/; https://sterlingandwilsondc.com/wp-content/uploads/2025/12/SW-HSE-Policy-June-2025.pdf,docs/discovery/evidence/2026-10-07/601b198708ee46d7.json,source fields inspected; indexation/backlinks unverified,2026-10-07T04:08:31+00:00,curl.exe public HTTPS GET; no site code executed,1,404,,description; og:title; og:description; og:image
https://sterlingandwilsondc.com/news-press-release/,News & Press Release – Sterling & Wilson Data Center,,https://sterlingandwilsondc.com/news-press-release/,max-image-preview:large,,,,,https://sterlingandwilsondc.com/; https://sterlingandwilsondc.com/about-us/; https://sterlingandwilsondc.com/awards-recognitions/; https://sterlingandwilsondc.com/blogs/; https://sterlingandwilsondc.com/careers/; https://sterlingandwilsondc.com/contact/; https://sterlingandwilsondc.com/corporate-governance/; https://sterlingandwilsondc.com/design-build/; https://sterlingandwilsondc.com/events/; https://sterlingandwilsondc.com/industry-memberships-and-recognitions/; https://sterlingandwilsondc.com/leadership/; https://sterlingandwilsondc.com/modular-construction/; https://sterlingandwilsondc.com/news-press-release/; https://sterlingandwilsondc.com/om-services/; https://sterlingandwilsondc.com/privacy-policy/; https://sterlingandwilsondc.com/projects/; https://sterlingandwilsondc.com/smart-operations/; https://sterlingandwilsondc.com/sustainable-execution/; https://sterlingandwilsondc.com/wp-content/uploads/2025/06/16-Government-of-Rajasthan-to-unveil-one-of-Indias-largest-techno-hubs-in-Jaipur-Rastradut-24-Aug-2018.pdf; https://sterlingandwilsondc.com/wp-content/uploads/2025/06/Final_Press-Release-INTRO-Technology-SWDC-ink-MoU-for-contracting-and-construction-at-Kemet-Data-Center-28OCT-2024.pdf; https://sterlingandwilsondc.com/wp-content/uploads/2025/06/Press-Release-Sterling-and-Wilson-delivers-its-first-prefabricated-data-center-project-in-Egypt-7July-2021.pdf; https://sterlingandwilsondc.com/wp-content/uploads/2025/07/1.press_release_bhamashah-Inauguration_220818_final.pdf; https://sterlingandwilsondc.com/wp-content/uploads/2025/07/10-Riding-the-digital-wave-The-Economic-Times-14062018.pdf; https://sterlingandwilsondc.com/wp-content/uploads/2025/07/12-Rajasthan-sees-the-dawn-of-a-new-digital-age-Dainik-Navjyoti-24082018.pdf; https://sterlingandwilsondc.com/wp-content/uploads/2025/07/13-Upcoming-startups-to-get-a-boost-Raje-Kanchan-Kesari24082018.pdf; https://sterlingandwilsondc.com/wp-content/uploads/2025/07/14-Upcoming-startups-to-get-a-boost-Raje-Morning-News-24082018.pdf; https://sterlingandwilsondc.com/wp-content/uploads/2025/07/15-Upcoming-startups-to-get-a-boost-Raje-Punjab-Kesari-24082018.pdf; https://sterlingandwilsondc.com/wp-content/uploads/2025/07/17-Indias-biggest-startup-hub-opens-in-Jaipur-adds-fillip-to-ecosystem-Times-of-India-24082018.pdf; https://sterlingandwilsondc.com/wp-content/uploads/2025/07/8-Engineering-firms-see-widening-data-centre-opportunity-Business-Standard-10022020.jpg; https://sterlingandwilsondc.com/wp-content/uploads/2025/07/8.press_release_sterling_and_wilson_becomes_implem_001.pdf; https://sterlingandwilsondc.com/wp-content/uploads/2025/07/Final_Press-Release-Sterling-and-Wilson-successfully-completes-Greenfield-Data-Center-in-Democratic-Republic-of-Congo.pdf; https://sterlingandwilsondc.com/wp-content/uploads/2025/07/Final_Press-Release_Sterling-and-Wilson-Data-Centers-Maerifa-Solutions-Partner-to-Leverage-the-Growing-Potential-of-AI-Data-Centers-in-Key-Markets.pdf; https://sterlingandwilsondc.com/wp-content/uploads/2025/07/Sterling-and-Wilson-brings-in-strategic-investors-to-unlock-the-true-potential-of-its-Data-Centre-business.pdf; https://sterlingandwilsondc.com/wp-content/uploads/2025/07/Sterling_and_Wilson_signs_MoU_with_DataVolt_to_construct_state_of_the_art_data_centers.pdf; https://sterlingandwilsondc.com/wp-content/uploads/2025/07/The-Economic-Times-Pg-13-August-19-2024.pdf; https://sterlingandwilsondc.com/wp-content/uploads/2025/12/SW-HSE-Policy-June-2025.pdf; https://sterlingandwilsondc.com/wp-content/uploads/2026/04/Mint_April-15-2026-1.png; https://sterlingandwilsondc.com/wp-content/uploads/2026/06/Sterling-Wilson-Bets-Big-on-Indian-Data-Centre-Boom-The-Economic-Times-copy.jpg,docs/discovery/evidence/2026-10-07/8a655e9987bdba73.json,source fields inspected; indexation/backlinks unverified,2026-10-07T04:07:55+00:00,curl.exe public HTTPS GET; no site code executed,0,200,,description; og:title; og:description; og:image
https://sterlingandwilsondc.com/newsroom/,Newsroom – Sterling & Wilson Data Center,,https://sterlingandwilsondc.com/newsroom/,max-image-preview:large,,,,,https://sterlingandwilsondc.com/; https://sterlingandwilsondc.com/about-us/; https://sterlingandwilsondc.com/awards-recognitions/; https://sterlingandwilsondc.com/blogs/; https://sterlingandwilsondc.com/careers/; https://sterlingandwilsondc.com/contact/; https://sterlingandwilsondc.com/corporate-governance/; https://sterlingandwilsondc.com/design-build/; https://sterlingandwilsondc.com/events/; https://sterlingandwilsondc.com/industry-memberships-and-recognitions/; https://sterlingandwilsondc.com/leadership/; https://sterlingandwilsondc.com/modular-construction/; https://sterlingandwilsondc.com/news-press-release/; https://sterlingandwilsondc.com/newsroom/; https://sterlingandwilsondc.com/om-services/; https://sterlingandwilsondc.com/privacy-policy/; https://sterlingandwilsondc.com/projects/; https://sterlingandwilsondc.com/smart-operations/; https://sterlingandwilsondc.com/sustainable-execution/; https://sterlingandwilsondc.com/wp-content/uploads/2025/06/1.press_release_bhamashah-Inauguration_220818_final-AUG-2018.pdf; https://sterlingandwilsondc.com/wp-content/uploads/2025/06/15-Upcoming-startups-to-get-a-boost-Raje-Punjab-Kesari-24082018-24-Aug-2018.pdf; https://sterlingandwilsondc.com/wp-content/uploads/2025/06/16-Government-of-Rajasthan-to-unveil-one-of-Indias-largest-techno-hubs-in-Jaipur-Rastradut-24-Aug-2018.pdf; https://sterlingandwilsondc.com/wp-content/uploads/2025/06/17-Indias-biggest-startup-hub-opens-in-Jaipur-adds-fillip-to-ecosystem-Times-of-India-24-aug-2018.pdf; https://sterlingandwilsondc.com/wp-content/uploads/2025/06/7-Sterling-and-Wilson-partners-with-Uptime-Institute-Standard-Post-15may-2019.pdf; https://sterlingandwilsondc.com/wp-content/uploads/2025/06/Final_Press-Release-INTRO-Technology-SWDC-ink-MoU-for-contracting-and-construction-at-Kemet-Data-Center-28OCT-2024.pdf; https://sterlingandwilsondc.com/wp-content/uploads/2025/06/Press-Release-Sterling-and-Wilson-delivers-its-first-prefabricated-data-center-project-in-Egypt-7July-2021.pdf; https://sterlingandwilsondc.com/wp-content/uploads/2025/12/SW-HSE-Policy-June-2025.pdf,docs/discovery/evidence/2026-10-07/03aa6b2132600e34.json,source fields inspected; indexation/backlinks unverified,2026-10-07T04:08:31+00:00,curl.exe public HTTPS GET; no site code executed,0,200,,description; og:title; og:description; og:image
https://sterlingandwilsondc.com/om-services/,O&M Services – Sterling & Wilson Data Center,,https://sterlingandwilsondc.com/om-services/,max-image-preview:large,,,,,https://sterlingandwilsondc.com/; https://sterlingandwilsondc.com/about-us/; https://sterlingandwilsondc.com/awards-recognitions/; https://sterlingandwilsondc.com/blogs/; https://sterlingandwilsondc.com/careers/; https://sterlingandwilsondc.com/contact/; https://sterlingandwilsondc.com/corporate-governance/; https://sterlingandwilsondc.com/design-build/; https://sterlingandwilsondc.com/events/; https://sterlingandwilsondc.com/industry-memberships-and-recognitions/; https://sterlingandwilsondc.com/leadership/; https://sterlingandwilsondc.com/modular-construction/; https://sterlingandwilsondc.com/news-press-release/; https://sterlingandwilsondc.com/om-services/; https://sterlingandwilsondc.com/privacy-policy/; https://sterlingandwilsondc.com/projects/; https://sterlingandwilsondc.com/smart-operations/; https://sterlingandwilsondc.com/sustainable-execution/; https://sterlingandwilsondc.com/wp-content/uploads/2025/12/SW-HSE-Policy-June-2025.pdf,docs/discovery/evidence/2026-10-07/108c0927a5c543fc.json,source fields inspected; indexation/backlinks unverified,2026-10-07T04:07:59+00:00,curl.exe public HTTPS GET; no site code executed,0,200,,description; og:title; og:description; og:image
https://sterlingandwilsondc.com/our-team/,Our Team – Sterling & Wilson Data Center,,https://sterlingandwilsondc.com/our-team/,max-image-preview:large,,,,,https://sterlingandwilsondc.com/; https://sterlingandwilsondc.com/about-us/; https://sterlingandwilsondc.com/awards-recognitions/; https://sterlingandwilsondc.com/blogs/; https://sterlingandwilsondc.com/careers/; https://sterlingandwilsondc.com/contact/; https://sterlingandwilsondc.com/corporate-governance/; https://sterlingandwilsondc.com/design-build/; https://sterlingandwilsondc.com/events/; https://sterlingandwilsondc.com/industry-memberships-and-recognitions/; https://sterlingandwilsondc.com/leadership/; https://sterlingandwilsondc.com/modular-construction/; https://sterlingandwilsondc.com/news-press-release/; https://sterlingandwilsondc.com/om-services/; https://sterlingandwilsondc.com/our-team/; https://sterlingandwilsondc.com/privacy-policy/; https://sterlingandwilsondc.com/projects/; https://sterlingandwilsondc.com/smart-operations/; https://sterlingandwilsondc.com/sustainable-execution/; https://sterlingandwilsondc.com/teams/awadhesh-sharma/; https://sterlingandwilsondc.com/teams/ninad-bhise/; https://sterlingandwilsondc.com/teams/p-v-prasanth/; https://sterlingandwilsondc.com/teams/prasanna-sarambale/; https://sterlingandwilsondc.com/teams/rahul-deshpande/; https://sterlingandwilsondc.com/teams/rajeev-roy/; https://sterlingandwilsondc.com/teams/ranjit-gajare/; https://sterlingandwilsondc.com/teams/ravindra-bapat/; https://sterlingandwilsondc.com/wp-content/uploads/2025/12/SW-HSE-Policy-June-2025.pdf,docs/discovery/evidence/2026-10-07/d2f9f3a175c619af.json,source fields inspected; indexation/backlinks unverified,2026-10-07T04:08:31+00:00,curl.exe public HTTPS GET; no site code executed,1,200,,description; og:title; og:description; og:image
https://sterlingandwilsondc.com/portfolio-category/domestic/,Domestic – Sterling & Wilson Data Center,,,max-image-preview:large,,,,,https://sterlingandwilsondc.com/; https://sterlingandwilsondc.com/about-us/; https://sterlingandwilsondc.com/awards-recognitions/; https://sterlingandwilsondc.com/blogs/; https://sterlingandwilsondc.com/careers/; https://sterlingandwilsondc.com/contact/; https://sterlingandwilsondc.com/corporate-governance/; https://sterlingandwilsondc.com/design-build/; https://sterlingandwilsondc.com/events/; https://sterlingandwilsondc.com/industry-memberships-and-recognitions/; https://sterlingandwilsondc.com/leadership/; https://sterlingandwilsondc.com/modular-construction/; https://sterlingandwilsondc.com/news-press-release/; https://sterlingandwilsondc.com/om-services/; https://sterlingandwilsondc.com/portfolio-category/domestic/; https://sterlingandwilsondc.com/portfolio-category/domestic/page/2/; https://sterlingandwilsondc.com/portfolios/bhamashah-state-data-center-jaipur-india/; https://sterlingandwilsondc.com/portfolios/global-colocation-data-center-chennai-india/; https://sterlingandwilsondc.com/portfolios/global-colocation-data-center-navi-mumbai-india/; https://sterlingandwilsondc.com/portfolios/global-colocation-data-center-pune-india-2021/; https://sterlingandwilsondc.com/portfolios/hyperscaler-data-center-hyderabad-india/; https://sterlingandwilsondc.com/portfolios/hyperscaler-data-center-mumbai-india-2021/; https://sterlingandwilsondc.com/portfolios/national-information-center-nic-hyderabad-india/; https://sterlingandwilsondc.com/portfolios/national-securities-depository-ltd-nsdl-bangalore-india/; https://sterlingandwilsondc.com/portfolios/national-stock-exchange-chennai-india/; https://sterlingandwilsondc.com/portfolios/vodafone-india-limited-chennai-india/; https://sterlingandwilsondc.com/privacy-policy/; https://sterlingandwilsondc.com/projects/; https://sterlingandwilsondc.com/smart-operations/; https://sterlingandwilsondc.com/sustainable-execution/; https://sterlingandwilsondc.com/wp-content/uploads/2025/12/SW-HSE-Policy-June-2025.pdf,docs/discovery/evidence/2026-10-07/84a085abac38a75a.json,source fields inspected; indexation/backlinks unverified,2026-10-07T04:08:13+00:00,curl.exe public HTTPS GET; no site code executed,1,200,,description; og:title; og:description; og:image
https://sterlingandwilsondc.com/portfolio-category/domestic/page/2/,Domestic – Page 2 – Sterling & Wilson Data Center,,,max-image-preview:large,,,,,https://sterlingandwilsondc.com/; https://sterlingandwilsondc.com/about-us/; https://sterlingandwilsondc.com/awards-recognitions/; https://sterlingandwilsondc.com/blogs/; https://sterlingandwilsondc.com/careers/; https://sterlingandwilsondc.com/contact/; https://sterlingandwilsondc.com/corporate-governance/; https://sterlingandwilsondc.com/design-build/; https://sterlingandwilsondc.com/events/; https://sterlingandwilsondc.com/industry-memberships-and-recognitions/; https://sterlingandwilsondc.com/leadership/; https://sterlingandwilsondc.com/modular-construction/; https://sterlingandwilsondc.com/news-press-release/; https://sterlingandwilsondc.com/om-services/; https://sterlingandwilsondc.com/portfolio-category/domestic/; https://sterlingandwilsondc.com/portfolio-category/domestic/page/2/; https://sterlingandwilsondc.com/portfolios/colocation-data-center-navi-mumbai-india-2025/; https://sterlingandwilsondc.com/portfolios/etisalat-db-telecom-mumbai-jaipur-ahmedabad-lucknow-ambala-india/; https://sterlingandwilsondc.com/portfolios/software-technology-parks-of-india-stpi/; https://sterlingandwilsondc.com/privacy-policy/; https://sterlingandwilsondc.com/projects/; https://sterlingandwilsondc.com/smart-operations/; https://sterlingandwilsondc.com/sustainable-execution/; https://sterlingandwilsondc.com/wp-content/uploads/2025/12/SW-HSE-Policy-June-2025.pdf,docs/discovery/evidence/2026-10-07/4041dabfef12c14b.json,source fields inspected; indexation/backlinks unverified,2026-10-07T04:08:15+00:00,curl.exe public HTTPS GET; no site code executed,1,200,,description; og:title; og:description; og:image
https://sterlingandwilsondc.com/portfolio-category/international/,International – Sterling & Wilson Data Center,,,max-image-preview:large,,,,,https://sterlingandwilsondc.com/; https://sterlingandwilsondc.com/about-us/; https://sterlingandwilsondc.com/awards-recognitions/; https://sterlingandwilsondc.com/blogs/; https://sterlingandwilsondc.com/careers/; https://sterlingandwilsondc.com/contact/; https://sterlingandwilsondc.com/corporate-governance/; https://sterlingandwilsondc.com/design-build/; https://sterlingandwilsondc.com/events/; https://sterlingandwilsondc.com/industry-memberships-and-recognitions/; https://sterlingandwilsondc.com/leadership/; https://sterlingandwilsondc.com/modular-construction/; https://sterlingandwilsondc.com/news-press-release/; https://sterlingandwilsondc.com/om-services/; https://sterlingandwilsondc.com/portfolio-category/international/; https://sterlingandwilsondc.com/portfolios/edgnex-data-center-dammam-ksa-2021/; https://sterlingandwilsondc.com/portfolios/faisal-islamic-bank-cairo-egypt/; https://sterlingandwilsondc.com/portfolios/mainone-dc-accra-ghana/; https://sterlingandwilsondc.com/portfolios/raxio-dr-congo/; https://sterlingandwilsondc.com/portfolios/telecom-egypt-cloud-hub-dc-cairo-egypt/; https://sterlingandwilsondc.com/portfolios/telecom-egypt-nn1-cairo-egypt/; https://sterlingandwilsondc.com/portfolios/vodafone-vois-cairo-egypt/; https://sterlingandwilsondc.com/privacy-policy/; https://sterlingandwilsondc.com/projects/; https://sterlingandwilsondc.com/smart-operations/; https://sterlingandwilsondc.com/sustainable-execution/; https://sterlingandwilsondc.com/wp-content/uploads/2025/12/SW-HSE-Policy-June-2025.pdf,docs/discovery/evidence/2026-10-07/73c1b77a2752823e.json,source fields inspected; indexation/backlinks unverified,2026-10-07T04:08:13+00:00,curl.exe public HTTPS GET; no site code executed,1,200,,description; og:title; og:description; og:image
https://sterlingandwilsondc.com/portfolios/bhamashah-state-data-center-jaipur-india/,"Bhamashah State Data Center Jaipur, India, 2019 – Sterling & Wilson Data Center",,https://sterlingandwilsondc.com/portfolios/bhamashah-state-data-center-jaipur-india/,max-image-preview:large,,,,,https://sterlingandwilsondc.com/; https://sterlingandwilsondc.com/about-us/; https://sterlingandwilsondc.com/awards-recognitions/; https://sterlingandwilsondc.com/blogs/; https://sterlingandwilsondc.com/careers/; https://sterlingandwilsondc.com/contact/; https://sterlingandwilsondc.com/corporate-governance/; https://sterlingandwilsondc.com/design-build/; https://sterlingandwilsondc.com/events/; https://sterlingandwilsondc.com/industry-memberships-and-recognitions/; https://sterlingandwilsondc.com/leadership/; https://sterlingandwilsondc.com/modular-construction/; https://sterlingandwilsondc.com/news-press-release/; https://sterlingandwilsondc.com/om-services/; https://sterlingandwilsondc.com/portfolios/bhamashah-state-data-center-jaipur-india/; https://sterlingandwilsondc.com/portfolios/global-colocation-data-center-pune-india-2021/; https://sterlingandwilsondc.com/portfolios/raxio-dr-congo/; https://sterlingandwilsondc.com/privacy-policy/; https://sterlingandwilsondc.com/projects/; https://sterlingandwilsondc.com/smart-operations/; https://sterlingandwilsondc.com/sustainable-execution/; https://sterlingandwilsondc.com/wp-content/uploads/2025/12/SW-HSE-Policy-June-2025.pdf,docs/discovery/evidence/2026-10-07/aa14fac85e8f0299.json,source fields inspected; indexation/backlinks unverified,2026-10-07T04:07:59+00:00,curl.exe public HTTPS GET; no site code executed,1,200,,description; og:title; og:description; og:image
https://sterlingandwilsondc.com/portfolios/colocation-data-center-navi-mumbai-india-2025/,"Colocation Data Center Navi Mumbai, India, 2025 – Sterling & Wilson Data Center",,https://sterlingandwilsondc.com/portfolios/colocation-data-center-navi-mumbai-india-2025/,max-image-preview:large,,,,,https://sterlingandwilsondc.com/; https://sterlingandwilsondc.com/about-us/; https://sterlingandwilsondc.com/awards-recognitions/; https://sterlingandwilsondc.com/blogs/; https://sterlingandwilsondc.com/careers/; https://sterlingandwilsondc.com/contact/; https://sterlingandwilsondc.com/corporate-governance/; https://sterlingandwilsondc.com/design-build/; https://sterlingandwilsondc.com/events/; https://sterlingandwilsondc.com/industry-memberships-and-recognitions/; https://sterlingandwilsondc.com/leadership/; https://sterlingandwilsondc.com/modular-construction/; https://sterlingandwilsondc.com/news-press-release/; https://sterlingandwilsondc.com/om-services/; https://sterlingandwilsondc.com/portfolios/colocation-data-center-navi-mumbai-india-2025/; https://sterlingandwilsondc.com/portfolios/faisal-islamic-bank-cairo-egypt/; https://sterlingandwilsondc.com/portfolios/vodafone-vois-cairo-egypt/; https://sterlingandwilsondc.com/privacy-policy/; https://sterlingandwilsondc.com/projects/; https://sterlingandwilsondc.com/smart-operations/; https://sterlingandwilsondc.com/sustainable-execution/; https://sterlingandwilsondc.com/wp-content/uploads/2025/12/SW-HSE-Policy-June-2025.pdf,docs/discovery/evidence/2026-10-07/9e93e75ea9a1e846.json,source fields inspected; indexation/backlinks unverified,2026-10-07T04:08:13+00:00,curl.exe public HTTPS GET; no site code executed,1,200,,description; og:title; og:description; og:image
https://sterlingandwilsondc.com/portfolios/edgnex-data-center-dammam-ksa-2021/,"Edgnex Data Center Dammam, KSA, 2021 – Sterling & Wilson Data Center",,https://sterlingandwilsondc.com/portfolios/edgnex-data-center-dammam-ksa-2021/,max-image-preview:large,,,,,https://sterlingandwilsondc.com/; https://sterlingandwilsondc.com/about-us/; https://sterlingandwilsondc.com/awards-recognitions/; https://sterlingandwilsondc.com/blogs/; https://sterlingandwilsondc.com/careers/; https://sterlingandwilsondc.com/contact/; https://sterlingandwilsondc.com/corporate-governance/; https://sterlingandwilsondc.com/design-build/; https://sterlingandwilsondc.com/events/; https://sterlingandwilsondc.com/industry-memberships-and-recognitions/; https://sterlingandwilsondc.com/leadership/; https://sterlingandwilsondc.com/modular-construction/; https://sterlingandwilsondc.com/news-press-release/; https://sterlingandwilsondc.com/om-services/; https://sterlingandwilsondc.com/portfolios/edgnex-data-center-dammam-ksa-2021/; https://sterlingandwilsondc.com/portfolios/hyperscaler-data-center-hyderabad-india/; https://sterlingandwilsondc.com/portfolios/telecom-egypt-cloud-hub-dc-cairo-egypt/; https://sterlingandwilsondc.com/privacy-policy/; https://sterlingandwilsondc.com/projects/; https://sterlingandwilsondc.com/smart-operations/; https://sterlingandwilsondc.com/sustainable-execution/; https://sterlingandwilsondc.com/wp-content/uploads/2025/12/SW-HSE-Policy-June-2025.pdf,docs/discovery/evidence/2026-10-07/2f1e88eaab497606.json,source fields inspected; indexation/backlinks unverified,2026-10-07T04:07:59+00:00,curl.exe public HTTPS GET; no site code executed,1,200,,description; og:title; og:description; og:image
https://sterlingandwilsondc.com/portfolios/etisalat-db-telecom-mumbai-jaipur-ahmedabad-lucknow-ambala-india/,"Etisalat DB Telecom Mumbai, Jaipur, Ahmedabad, Lucknow & Ambala, India, 2009 – Sterling & Wilson Data Center",,https://sterlingandwilsondc.com/portfolios/etisalat-db-telecom-mumbai-jaipur-ahmedabad-lucknow-ambala-india/,max-image-preview:large,,,,,https://sterlingandwilsondc.com/; https://sterlingandwilsondc.com/about-us/; https://sterlingandwilsondc.com/awards-recognitions/; https://sterlingandwilsondc.com/blogs/; https://sterlingandwilsondc.com/careers/; https://sterlingandwilsondc.com/contact/; https://sterlingandwilsondc.com/corporate-governance/; https://sterlingandwilsondc.com/design-build/; https://sterlingandwilsondc.com/events/; https://sterlingandwilsondc.com/industry-memberships-and-recognitions/; https://sterlingandwilsondc.com/leadership/; https://sterlingandwilsondc.com/modular-construction/; https://sterlingandwilsondc.com/news-press-release/; https://sterlingandwilsondc.com/om-services/; https://sterlingandwilsondc.com/portfolios/etisalat-db-telecom-mumbai-jaipur-ahmedabad-lucknow-ambala-india/; https://sterlingandwilsondc.com/portfolios/faisal-islamic-bank-cairo-egypt/; https://sterlingandwilsondc.com/portfolios/software-technology-parks-of-india-stpi/; https://sterlingandwilsondc.com/privacy-policy/; https://sterlingandwilsondc.com/projects/; https://sterlingandwilsondc.com/smart-operations/; https://sterlingandwilsondc.com/sustainable-execution/; https://sterlingandwilsondc.com/wp-content/uploads/2025/12/SW-HSE-Policy-June-2025.pdf,docs/discovery/evidence/2026-10-07/bdcf8d1c2e39716a.json,source fields inspected; indexation/backlinks unverified,2026-10-07T04:08:13+00:00,curl.exe public HTTPS GET; no site code executed,1,200,,description; og:title; og:description; og:image
https://sterlingandwilsondc.com/portfolios/faisal-islamic-bank-cairo-egypt/,"Faisal Islamic Bank Cairo, Egypt, 2020 – Sterling & Wilson Data Center",,https://sterlingandwilsondc.com/portfolios/faisal-islamic-bank-cairo-egypt/,max-image-preview:large,,,,,https://sterlingandwilsondc.com/; https://sterlingandwilsondc.com/about-us/; https://sterlingandwilsondc.com/awards-recognitions/; https://sterlingandwilsondc.com/blogs/; https://sterlingandwilsondc.com/careers/; https://sterlingandwilsondc.com/contact/; https://sterlingandwilsondc.com/corporate-governance/; https://sterlingandwilsondc.com/design-build/; https://sterlingandwilsondc.com/events/; https://sterlingandwilsondc.com/industry-memberships-and-recognitions/; https://sterlingandwilsondc.com/leadership/; https://sterlingandwilsondc.com/modular-construction/; https://sterlingandwilsondc.com/news-press-release/; https://sterlingandwilsondc.com/om-services/; https://sterlingandwilsondc.com/portfolios/colocation-data-center-navi-mumbai-india-2025/; https://sterlingandwilsondc.com/portfolios/etisalat-db-telecom-mumbai-jaipur-ahmedabad-lucknow-ambala-india/; https://sterlingandwilsondc.com/portfolios/faisal-islamic-bank-cairo-egypt/; https://sterlingandwilsondc.com/privacy-policy/; https://sterlingandwilsondc.com/projects/; https://sterlingandwilsondc.com/smart-operations/; https://sterlingandwilsondc.com/sustainable-execution/; https://sterlingandwilsondc.com/wp-content/uploads/2025/12/SW-HSE-Policy-June-2025.pdf,docs/discovery/evidence/2026-10-07/a306741cff43f451.json,source fields inspected; indexation/backlinks unverified,2026-10-07T04:08:15+00:00,curl.exe public HTTPS GET; no site code executed,1,200,,description; og:title; og:description; og:image
https://sterlingandwilsondc.com/portfolios/global-colocation-data-center-chennai-india/,"Global Colocation Data Center Chennai, India, 2021 – Sterling & Wilson Data Center",,https://sterlingandwilsondc.com/portfolios/global-colocation-data-center-chennai-india/,max-image-preview:large,,,,,https://sterlingandwilsondc.com/; https://sterlingandwilsondc.com/about-us/; https://sterlingandwilsondc.com/awards-recognitions/; https://sterlingandwilsondc.com/blogs/; https://sterlingandwilsondc.com/careers/; https://sterlingandwilsondc.com/contact/; https://sterlingandwilsondc.com/corporate-governance/; https://sterlingandwilsondc.com/design-build/; https://sterlingandwilsondc.com/events/; https://sterlingandwilsondc.com/industry-memberships-and-recognitions/; https://sterlingandwilsondc.com/leadership/; https://sterlingandwilsondc.com/modular-construction/; https://sterlingandwilsondc.com/news-press-release/; https://sterlingandwilsondc.com/om-services/; https://sterlingandwilsondc.com/portfolios/global-colocation-data-center-chennai-india/; https://sterlingandwilsondc.com/portfolios/global-colocation-data-center-navi-mumbai-india/; https://sterlingandwilsondc.com/portfolios/hyperscaler-data-center-mumbai-india-2021/; https://sterlingandwilsondc.com/privacy-policy/; https://sterlingandwilsondc.com/projects/; https://sterlingandwilsondc.com/smart-operations/; https://sterlingandwilsondc.com/sustainable-execution/; https://sterlingandwilsondc.com/wp-content/uploads/2025/12/SW-HSE-Policy-June-2025.pdf,docs/discovery/evidence/2026-10-07/da60934afa379c96.json,source fields inspected; indexation/backlinks unverified,2026-10-07T04:08:15+00:00,curl.exe public HTTPS GET; no site code executed,1,200,,description; og:title; og:description; og:image
https://sterlingandwilsondc.com/portfolios/global-colocation-data-center-navi-mumbai-india/,"Global Colocation Data Center Navi Mumbai, India, 2023 – Sterling & Wilson Data Center",,https://sterlingandwilsondc.com/portfolios/global-colocation-data-center-navi-mumbai-india/,max-image-preview:large,,,,,https://sterlingandwilsondc.com/; https://sterlingandwilsondc.com/about-us/; https://sterlingandwilsondc.com/awards-recognitions/; https://sterlingandwilsondc.com/blogs/; https://sterlingandwilsondc.com/careers/; https://sterlingandwilsondc.com/contact/; https://sterlingandwilsondc.com/corporate-governance/; https://sterlingandwilsondc.com/design-build/; https://sterlingandwilsondc.com/events/; https://sterlingandwilsondc.com/industry-memberships-and-recognitions/; https://sterlingandwilsondc.com/leadership/; https://sterlingandwilsondc.com/modular-construction/; https://sterlingandwilsondc.com/news-press-release/; https://sterlingandwilsondc.com/om-services/; https://sterlingandwilsondc.com/portfolios/global-colocation-data-center-chennai-india/; https://sterlingandwilsondc.com/portfolios/global-colocation-data-center-navi-mumbai-india/; https://sterlingandwilsondc.com/portfolios/mainone-dc-accra-ghana/; https://sterlingandwilsondc.com/privacy-policy/; https://sterlingandwilsondc.com/projects/; https://sterlingandwilsondc.com/smart-operations/; https://sterlingandwilsondc.com/sustainable-execution/; https://sterlingandwilsondc.com/wp-content/uploads/2025/12/SW-HSE-Policy-June-2025.pdf,docs/discovery/evidence/2026-10-07/7c3de56f04b4218d.json,source fields inspected; indexation/backlinks unverified,2026-10-07T04:08:15+00:00,curl.exe public HTTPS GET; no site code executed,1,200,,description; og:title; og:description; og:image
https://sterlingandwilsondc.com/portfolios/global-colocation-data-center-pune-india-2021/,"Global Colocation Data Center Pune, India, 2021 – Sterling & Wilson Data Center",,https://sterlingandwilsondc.com/portfolios/global-colocation-data-center-pune-india-2021/,max-image-preview:large,,,,,https://sterlingandwilsondc.com/; https://sterlingandwilsondc.com/about-us/; https://sterlingandwilsondc.com/awards-recognitions/; https://sterlingandwilsondc.com/blogs/; https://sterlingandwilsondc.com/careers/; https://sterlingandwilsondc.com/contact/; https://sterlingandwilsondc.com/corporate-governance/; https://sterlingandwilsondc.com/design-build/; https://sterlingandwilsondc.com/events/; https://sterlingandwilsondc.com/industry-memberships-and-recognitions/; https://sterlingandwilsondc.com/leadership/; https://sterlingandwilsondc.com/modular-construction/; https://sterlingandwilsondc.com/news-press-release/; https://sterlingandwilsondc.com/om-services/; https://sterlingandwilsondc.com/portfolios/bhamashah-state-data-center-jaipur-india/; https://sterlingandwilsondc.com/portfolios/global-colocation-data-center-pune-india-2021/; https://sterlingandwilsondc.com/privacy-policy/; https://sterlingandwilsondc.com/projects/; https://sterlingandwilsondc.com/smart-operations/; https://sterlingandwilsondc.com/sustainable-execution/; https://sterlingandwilsondc.com/wp-content/uploads/2025/12/SW-HSE-Policy-June-2025.pdf,docs/discovery/evidence/2026-10-07/b6536eba90e34f92.json,source fields inspected; indexation/backlinks unverified,2026-10-07T04:07:59+00:00,curl.exe public HTTPS GET; no site code executed,1,200,,description; og:title; og:description; og:image
https://sterlingandwilsondc.com/portfolios/hyperscaler-data-center-hyderabad-india/,"Hyperscaler Data Center Hyderabad, India – Sterling & Wilson Data Center",,https://sterlingandwilsondc.com/portfolios/hyperscaler-data-center-hyderabad-india/,max-image-preview:large,,,,,https://sterlingandwilsondc.com/; https://sterlingandwilsondc.com/about-us/; https://sterlingandwilsondc.com/awards-recognitions/; https://sterlingandwilsondc.com/blogs/; https://sterlingandwilsondc.com/careers/; https://sterlingandwilsondc.com/contact/; https://sterlingandwilsondc.com/corporate-governance/; https://sterlingandwilsondc.com/design-build/; https://sterlingandwilsondc.com/events/; https://sterlingandwilsondc.com/industry-memberships-and-recognitions/; https://sterlingandwilsondc.com/leadership/; https://sterlingandwilsondc.com/modular-construction/; https://sterlingandwilsondc.com/news-press-release/; https://sterlingandwilsondc.com/om-services/; https://sterlingandwilsondc.com/portfolios/edgnex-data-center-dammam-ksa-2021/; https://sterlingandwilsondc.com/portfolios/hyperscaler-data-center-hyderabad-india/; https://sterlingandwilsondc.com/portfolios/raxio-dr-congo/; https://sterlingandwilsondc.com/privacy-policy/; https://sterlingandwilsondc.com/projects/; https://sterlingandwilsondc.com/smart-operations/; https://sterlingandwilsondc.com/sustainable-execution/; https://sterlingandwilsondc.com/wp-content/uploads/2025/12/SW-HSE-Policy-June-2025.pdf,docs/discovery/evidence/2026-10-07/b774278270611fc0.json,source fields inspected; indexation/backlinks unverified,2026-10-07T04:08:05+00:00,curl.exe public HTTPS GET; no site code executed,1,200,,description; og:title; og:description; og:image
https://sterlingandwilsondc.com/portfolios/hyperscaler-data-center-mumbai-india-2021/,"Hyperscaler Data Center Mumbai, India, 2021 – Sterling & Wilson Data Center",,https://sterlingandwilsondc.com/portfolios/hyperscaler-data-center-mumbai-india-2021/,max-image-preview:large,,,,,https://sterlingandwilsondc.com/; https://sterlingandwilsondc.com/about-us/; https://sterlingandwilsondc.com/awards-recognitions/; https://sterlingandwilsondc.com/blogs/; https://sterlingandwilsondc.com/careers/; https://sterlingandwilsondc.com/contact/; https://sterlingandwilsondc.com/corporate-governance/; https://sterlingandwilsondc.com/design-build/; https://sterlingandwilsondc.com/events/; https://sterlingandwilsondc.com/industry-memberships-and-recognitions/; https://sterlingandwilsondc.com/leadership/; https://sterlingandwilsondc.com/modular-construction/; https://sterlingandwilsondc.com/news-press-release/; https://sterlingandwilsondc.com/om-services/; https://sterlingandwilsondc.com/portfolios/global-colocation-data-center-chennai-india/; https://sterlingandwilsondc.com/portfolios/hyperscaler-data-center-mumbai-india-2021/; https://sterlingandwilsondc.com/portfolios/vodafone-india-limited-chennai-india/; https://sterlingandwilsondc.com/privacy-policy/; https://sterlingandwilsondc.com/projects/; https://sterlingandwilsondc.com/smart-operations/; https://sterlingandwilsondc.com/sustainable-execution/; https://sterlingandwilsondc.com/wp-content/uploads/2025/12/SW-HSE-Policy-June-2025.pdf,docs/discovery/evidence/2026-10-07/b787afc0564e6ae0.json,source fields inspected; indexation/backlinks unverified,2026-10-07T04:08:19+00:00,curl.exe public HTTPS GET; no site code executed,1,200,,description; og:title; og:description; og:image
https://sterlingandwilsondc.com/portfolios/mainone-dc-accra-ghana/,"MainOne DC Accra, Ghana, 2021 – Sterling & Wilson Data Center",,https://sterlingandwilsondc.com/portfolios/mainone-dc-accra-ghana/,max-image-preview:large,,,,,https://sterlingandwilsondc.com/; https://sterlingandwilsondc.com/about-us/; https://sterlingandwilsondc.com/awards-recognitions/; https://sterlingandwilsondc.com/blogs/; https://sterlingandwilsondc.com/careers/; https://sterlingandwilsondc.com/contact/; https://sterlingandwilsondc.com/corporate-governance/; https://sterlingandwilsondc.com/design-build/; https://sterlingandwilsondc.com/events/; https://sterlingandwilsondc.com/industry-memberships-and-recognitions/; https://sterlingandwilsondc.com/leadership/; https://sterlingandwilsondc.com/modular-construction/; https://sterlingandwilsondc.com/news-press-release/; https://sterlingandwilsondc.com/om-services/; https://sterlingandwilsondc.com/portfolios/global-colocation-data-center-navi-mumbai-india/; https://sterlingandwilsondc.com/portfolios/mainone-dc-accra-ghana/; https://sterlingandwilsondc.com/portfolios/national-securities-depository-ltd-nsdl-bangalore-india/; https://sterlingandwilsondc.com/privacy-policy/; https://sterlingandwilsondc.com/projects/; https://sterlingandwilsondc.com/smart-operations/; https://sterlingandwilsondc.com/sustainable-execution/; https://sterlingandwilsondc.com/wp-content/uploads/2025/12/SW-HSE-Policy-June-2025.pdf,docs/discovery/evidence/2026-10-07/7e9613a97fac10c2.json,source fields inspected; indexation/backlinks unverified,2026-10-07T04:08:19+00:00,curl.exe public HTTPS GET; no site code executed,1,200,,description; og:title; og:description; og:image
https://sterlingandwilsondc.com/portfolios/national-information-center-nic-hyderabad-india/,"National Information Center (NIC) Hyderabad, India, 2021 – Sterling & Wilson Data Center",,https://sterlingandwilsondc.com/portfolios/national-information-center-nic-hyderabad-india/,max-image-preview:large,,,,,https://sterlingandwilsondc.com/; https://sterlingandwilsondc.com/about-us/; https://sterlingandwilsondc.com/awards-recognitions/; https://sterlingandwilsondc.com/blogs/; https://sterlingandwilsondc.com/careers/; https://sterlingandwilsondc.com/contact/; https://sterlingandwilsondc.com/corporate-governance/; https://sterlingandwilsondc.com/design-build/; https://sterlingandwilsondc.com/events/; https://sterlingandwilsondc.com/industry-memberships-and-recognitions/; https://sterlingandwilsondc.com/leadership/; https://sterlingandwilsondc.com/modular-construction/; https://sterlingandwilsondc.com/news-press-release/; https://sterlingandwilsondc.com/om-services/; https://sterlingandwilsondc.com/portfolios/national-information-center-nic-hyderabad-india/; https://sterlingandwilsondc.com/portfolios/telecom-egypt-nn1-cairo-egypt/; https://sterlingandwilsondc.com/portfolios/vodafone-vois-cairo-egypt/; https://sterlingandwilsondc.com/privacy-policy/; https://sterlingandwilsondc.com/projects/; https://sterlingandwilsondc.com/smart-operations/; https://sterlingandwilsondc.com/sustainable-execution/; https://sterlingandwilsondc.com/wp-content/uploads/2025/12/SW-HSE-Policy-June-2025.pdf,docs/discovery/evidence/2026-10-07/5377fc295e4b14f5.json,source fields inspected; indexation/backlinks unverified,2026-10-07T04:08:19+00:00,curl.exe public HTTPS GET; no site code executed,1,200,,description; og:title; og:description; og:image
https://sterlingandwilsondc.com/portfolios/national-securities-depository-ltd-nsdl-bangalore-india/,"National Securities & Depository Ltd. (NSDL) Bengaluru, India, 2018 – Sterling & Wilson Data Center",,https://sterlingandwilsondc.com/portfolios/national-securities-depository-ltd-nsdl-bangalore-india/,max-image-preview:large,,,,,https://sterlingandwilsondc.com/; https://sterlingandwilsondc.com/about-us/; https://sterlingandwilsondc.com/awards-recognitions/; https://sterlingandwilsondc.com/blogs/; https://sterlingandwilsondc.com/careers/; https://sterlingandwilsondc.com/contact/; https://sterlingandwilsondc.com/corporate-governance/; https://sterlingandwilsondc.com/design-build/; https://sterlingandwilsondc.com/events/; https://sterlingandwilsondc.com/industry-memberships-and-recognitions/; https://sterlingandwilsondc.com/leadership/; https://sterlingandwilsondc.com/modular-construction/; https://sterlingandwilsondc.com/news-press-release/; https://sterlingandwilsondc.com/om-services/; https://sterlingandwilsondc.com/portfolios/mainone-dc-accra-ghana/; https://sterlingandwilsondc.com/portfolios/national-securities-depository-ltd-nsdl-bangalore-india/; https://sterlingandwilsondc.com/portfolios/national-stock-exchange-chennai-india/; https://sterlingandwilsondc.com/privacy-policy/; https://sterlingandwilsondc.com/projects/; https://sterlingandwilsondc.com/smart-operations/; https://sterlingandwilsondc.com/sustainable-execution/; https://sterlingandwilsondc.com/wp-content/uploads/2025/12/SW-HSE-Policy-June-2025.pdf,docs/discovery/evidence/2026-10-07/8d66d9b2d6a380cf.json,source fields inspected; indexation/backlinks unverified,2026-10-07T04:08:19+00:00,curl.exe public HTTPS GET; no site code executed,1,200,,description; og:title; og:description; og:image
https://sterlingandwilsondc.com/portfolios/national-stock-exchange-chennai-india/,"National Stock Exchange Chennai, India, 2017 – Sterling & Wilson Data Center",,https://sterlingandwilsondc.com/portfolios/national-stock-exchange-chennai-india/,max-image-preview:large,,,,,https://sterlingandwilsondc.com/; https://sterlingandwilsondc.com/about-us/; https://sterlingandwilsondc.com/awards-recognitions/; https://sterlingandwilsondc.com/blogs/; https://sterlingandwilsondc.com/careers/; https://sterlingandwilsondc.com/contact/; https://sterlingandwilsondc.com/corporate-governance/; https://sterlingandwilsondc.com/design-build/; https://sterlingandwilsondc.com/events/; https://sterlingandwilsondc.com/industry-memberships-and-recognitions/; https://sterlingandwilsondc.com/leadership/; https://sterlingandwilsondc.com/modular-construction/; https://sterlingandwilsondc.com/news-press-release/; https://sterlingandwilsondc.com/om-services/; https://sterlingandwilsondc.com/portfolios/national-securities-depository-ltd-nsdl-bangalore-india/; https://sterlingandwilsondc.com/portfolios/national-stock-exchange-chennai-india/; https://sterlingandwilsondc.com/portfolios/telecom-egypt-nn1-cairo-egypt/; https://sterlingandwilsondc.com/privacy-policy/; https://sterlingandwilsondc.com/projects/; https://sterlingandwilsondc.com/smart-operations/; https://sterlingandwilsondc.com/sustainable-execution/; https://sterlingandwilsondc.com/wp-content/uploads/2025/12/SW-HSE-Policy-June-2025.pdf,docs/discovery/evidence/2026-10-07/0f2aff7a62a241ad.json,source fields inspected; indexation/backlinks unverified,2026-10-07T04:08:21+00:00,curl.exe public HTTPS GET; no site code executed,1,200,,description; og:title; og:description; og:image
https://sterlingandwilsondc.com/portfolios/raxio-dr-congo/,"Raxio Data CenterKinshasa, DR Congo, 2024 – Sterling & Wilson Data Center",,https://sterlingandwilsondc.com/portfolios/raxio-dr-congo/,max-image-preview:large,,,,,https://sterlingandwilsondc.com/; https://sterlingandwilsondc.com/about-us/; https://sterlingandwilsondc.com/awards-recognitions/; https://sterlingandwilsondc.com/blogs/; https://sterlingandwilsondc.com/careers/; https://sterlingandwilsondc.com/contact/; https://sterlingandwilsondc.com/corporate-governance/; https://sterlingandwilsondc.com/design-build/; https://sterlingandwilsondc.com/events/; https://sterlingandwilsondc.com/industry-memberships-and-recognitions/; https://sterlingandwilsondc.com/leadership/; https://sterlingandwilsondc.com/modular-construction/; https://sterlingandwilsondc.com/news-press-release/; https://sterlingandwilsondc.com/om-services/; https://sterlingandwilsondc.com/portfolios/bhamashah-state-data-center-jaipur-india/; https://sterlingandwilsondc.com/portfolios/hyperscaler-data-center-hyderabad-india/; https://sterlingandwilsondc.com/portfolios/raxio-dr-congo/; https://sterlingandwilsondc.com/privacy-policy/; https://sterlingandwilsondc.com/projects/; https://sterlingandwilsondc.com/smart-operations/; https://sterlingandwilsondc.com/sustainable-execution/; https://sterlingandwilsondc.com/wp-content/uploads/2025/12/SW-HSE-Policy-June-2025.pdf,docs/discovery/evidence/2026-10-07/a8a2e0d15bce470e.json,source fields inspected; indexation/backlinks unverified,2026-10-07T04:08:05+00:00,curl.exe public HTTPS GET; no site code executed,1,200,,description; og:title; og:description; og:image
https://sterlingandwilsondc.com/portfolios/software-technology-parks-of-india-stpi/,"Software Technology Parks of India (STPI)Bhubaneshwar, India, 2022 – Sterling & Wilson Data Center",,https://sterlingandwilsondc.com/portfolios/software-technology-parks-of-india-stpi/,max-image-preview:large,,,,,https://sterlingandwilsondc.com/; https://sterlingandwilsondc.com/about-us/; https://sterlingandwilsondc.com/awards-recognitions/; https://sterlingandwilsondc.com/blogs/; https://sterlingandwilsondc.com/careers/; https://sterlingandwilsondc.com/contact/; https://sterlingandwilsondc.com/corporate-governance/; https://sterlingandwilsondc.com/design-build/; https://sterlingandwilsondc.com/events/; https://sterlingandwilsondc.com/industry-memberships-and-recognitions/; https://sterlingandwilsondc.com/leadership/; https://sterlingandwilsondc.com/modular-construction/; https://sterlingandwilsondc.com/news-press-release/; https://sterlingandwilsondc.com/om-services/; https://sterlingandwilsondc.com/portfolios/etisalat-db-telecom-mumbai-jaipur-ahmedabad-lucknow-ambala-india/; https://sterlingandwilsondc.com/portfolios/software-technology-parks-of-india-stpi/; https://sterlingandwilsondc.com/privacy-policy/; https://sterlingandwilsondc.com/projects/; https://sterlingandwilsondc.com/smart-operations/; https://sterlingandwilsondc.com/sustainable-execution/; https://sterlingandwilsondc.com/wp-content/uploads/2025/12/SW-HSE-Policy-June-2025.pdf,docs/discovery/evidence/2026-10-07/684bb744b18cca47.json,source fields inspected; indexation/backlinks unverified,2026-10-07T04:08:21+00:00,curl.exe public HTTPS GET; no site code executed,1,200,,description; og:title; og:description; og:image
https://sterlingandwilsondc.com/portfolios/telecom-egypt-cloud-hub-dc-cairo-egypt/,"Telecom Egypt Cloud Hub DC Cairo, Egypt, 2021 – Sterling & Wilson Data Center",,https://sterlingandwilsondc.com/portfolios/telecom-egypt-cloud-hub-dc-cairo-egypt/,max-image-preview:large,,,,,https://sterlingandwilsondc.com/; https://sterlingandwilsondc.com/about-us/; https://sterlingandwilsondc.com/awards-recognitions/; https://sterlingandwilsondc.com/blogs/; https://sterlingandwilsondc.com/careers/; https://sterlingandwilsondc.com/contact/; https://sterlingandwilsondc.com/corporate-governance/; https://sterlingandwilsondc.com/design-build/; https://sterlingandwilsondc.com/events/; https://sterlingandwilsondc.com/industry-memberships-and-recognitions/; https://sterlingandwilsondc.com/leadership/; https://sterlingandwilsondc.com/modular-construction/; https://sterlingandwilsondc.com/news-press-release/; https://sterlingandwilsondc.com/om-services/; https://sterlingandwilsondc.com/portfolios/edgnex-data-center-dammam-ksa-2021/; https://sterlingandwilsondc.com/portfolios/telecom-egypt-cloud-hub-dc-cairo-egypt/; https://sterlingandwilsondc.com/portfolios/vodafone-india-limited-chennai-india/; https://sterlingandwilsondc.com/privacy-policy/; https://sterlingandwilsondc.com/projects/; https://sterlingandwilsondc.com/smart-operations/; https://sterlingandwilsondc.com/sustainable-execution/; https://sterlingandwilsondc.com/wp-content/uploads/2025/12/SW-HSE-Policy-June-2025.pdf,docs/discovery/evidence/2026-10-07/3c143de6f18cb9a7.json,source fields inspected; indexation/backlinks unverified,2026-10-07T04:08:05+00:00,curl.exe public HTTPS GET; no site code executed,1,200,,description; og:title; og:description; og:image
https://sterlingandwilsondc.com/portfolios/telecom-egypt-nn1-cairo-egypt/,"Telecom Egypt NN1 Cairo, Egypt, 2021 – Sterling & Wilson Data Center",,https://sterlingandwilsondc.com/portfolios/telecom-egypt-nn1-cairo-egypt/,max-image-preview:large,,,,,https://sterlingandwilsondc.com/; https://sterlingandwilsondc.com/about-us/; https://sterlingandwilsondc.com/awards-recognitions/; https://sterlingandwilsondc.com/blogs/; https://sterlingandwilsondc.com/careers/; https://sterlingandwilsondc.com/contact/; https://sterlingandwilsondc.com/corporate-governance/; https://sterlingandwilsondc.com/design-build/; https://sterlingandwilsondc.com/events/; https://sterlingandwilsondc.com/industry-memberships-and-recognitions/; https://sterlingandwilsondc.com/leadership/; https://sterlingandwilsondc.com/modular-construction/; https://sterlingandwilsondc.com/news-press-release/; https://sterlingandwilsondc.com/om-services/; https://sterlingandwilsondc.com/portfolios/national-information-center-nic-hyderabad-india/; https://sterlingandwilsondc.com/portfolios/national-stock-exchange-chennai-india/; https://sterlingandwilsondc.com/portfolios/telecom-egypt-nn1-cairo-egypt/; https://sterlingandwilsondc.com/privacy-policy/; https://sterlingandwilsondc.com/projects/; https://sterlingandwilsondc.com/smart-operations/; https://sterlingandwilsondc.com/sustainable-execution/; https://sterlingandwilsondc.com/wp-content/uploads/2025/12/SW-HSE-Policy-June-2025.pdf,docs/discovery/evidence/2026-10-07/e8b68f02209bd523.json,source fields inspected; indexation/backlinks unverified,2026-10-07T04:08:21+00:00,curl.exe public HTTPS GET; no site code executed,1,200,,description; og:title; og:description; og:image
https://sterlingandwilsondc.com/portfolios/vodafone-india-limited-chennai-india/,"Vodafone India Limited Chennai, India, 2016 – Sterling & Wilson Data Center",,https://sterlingandwilsondc.com/portfolios/vodafone-india-limited-chennai-india/,max-image-preview:large,,,,,https://sterlingandwilsondc.com/; https://sterlingandwilsondc.com/about-us/; https://sterlingandwilsondc.com/awards-recognitions/; https://sterlingandwilsondc.com/blogs/; https://sterlingandwilsondc.com/careers/; https://sterlingandwilsondc.com/contact/; https://sterlingandwilsondc.com/corporate-governance/; https://sterlingandwilsondc.com/design-build/; https://sterlingandwilsondc.com/events/; https://sterlingandwilsondc.com/industry-memberships-and-recognitions/; https://sterlingandwilsondc.com/leadership/; https://sterlingandwilsondc.com/modular-construction/; https://sterlingandwilsondc.com/news-press-release/; https://sterlingandwilsondc.com/om-services/; https://sterlingandwilsondc.com/portfolios/hyperscaler-data-center-mumbai-india-2021/; https://sterlingandwilsondc.com/portfolios/telecom-egypt-cloud-hub-dc-cairo-egypt/; https://sterlingandwilsondc.com/portfolios/vodafone-india-limited-chennai-india/; https://sterlingandwilsondc.com/privacy-policy/; https://sterlingandwilsondc.com/projects/; https://sterlingandwilsondc.com/smart-operations/; https://sterlingandwilsondc.com/sustainable-execution/; https://sterlingandwilsondc.com/wp-content/uploads/2025/12/SW-HSE-Policy-June-2025.pdf,docs/discovery/evidence/2026-10-07/2cabeaa371532145.json,source fields inspected; indexation/backlinks unverified,2026-10-07T04:08:09+00:00,curl.exe public HTTPS GET; no site code executed,1,200,,description; og:title; og:description; og:image
https://sterlingandwilsondc.com/portfolios/vodafone-vois-cairo-egypt/,"Vodafone VOIS Cairo, Egypt, 2023 – Sterling & Wilson Data Center",,https://sterlingandwilsondc.com/portfolios/vodafone-vois-cairo-egypt/,max-image-preview:large,,,,,https://sterlingandwilsondc.com/; https://sterlingandwilsondc.com/about-us/; https://sterlingandwilsondc.com/awards-recognitions/; https://sterlingandwilsondc.com/blogs/; https://sterlingandwilsondc.com/careers/; https://sterlingandwilsondc.com/contact/; https://sterlingandwilsondc.com/corporate-governance/; https://sterlingandwilsondc.com/design-build/; https://sterlingandwilsondc.com/events/; https://sterlingandwilsondc.com/industry-memberships-and-recognitions/; https://sterlingandwilsondc.com/leadership/; https://sterlingandwilsondc.com/modular-construction/; https://sterlingandwilsondc.com/news-press-release/; https://sterlingandwilsondc.com/om-services/; https://sterlingandwilsondc.com/portfolios/colocation-data-center-navi-mumbai-india-2025/; https://sterlingandwilsondc.com/portfolios/national-information-center-nic-hyderabad-india/; https://sterlingandwilsondc.com/portfolios/vodafone-vois-cairo-egypt/; https://sterlingandwilsondc.com/privacy-policy/; https://sterlingandwilsondc.com/projects/; https://sterlingandwilsondc.com/smart-operations/; https://sterlingandwilsondc.com/sustainable-execution/; https://sterlingandwilsondc.com/wp-content/uploads/2025/12/SW-HSE-Policy-June-2025.pdf,docs/discovery/evidence/2026-10-07/587c17fb97ccfd0a.json,source fields inspected; indexation/backlinks unverified,2026-10-07T04:08:21+00:00,curl.exe public HTTPS GET; no site code executed,1,200,,description; og:title; og:description; og:image
https://sterlingandwilsondc.com/prefabricated-containerised-data-centers/,Page not found – Sterling & Wilson Data Center,,,max-image-preview:large,,,,,https://sterlingandwilsondc.com/; https://sterlingandwilsondc.com/about-us/; https://sterlingandwilsondc.com/awards-recognitions/; https://sterlingandwilsondc.com/blogs/; https://sterlingandwilsondc.com/careers/; https://sterlingandwilsondc.com/contact/; https://sterlingandwilsondc.com/corporate-governance/; https://sterlingandwilsondc.com/design-build/; https://sterlingandwilsondc.com/events/; https://sterlingandwilsondc.com/industry-memberships-and-recognitions/; https://sterlingandwilsondc.com/leadership/; https://sterlingandwilsondc.com/modular-construction/; https://sterlingandwilsondc.com/news-press-release/; https://sterlingandwilsondc.com/om-services/; https://sterlingandwilsondc.com/prefabricated-containerised-data-centers/; https://sterlingandwilsondc.com/privacy-policy/; https://sterlingandwilsondc.com/projects/; https://sterlingandwilsondc.com/smart-operations/; https://sterlingandwilsondc.com/sustainable-execution/; https://sterlingandwilsondc.com/wp-content/uploads/2025/12/SW-HSE-Policy-June-2025.pdf,docs/discovery/evidence/2026-10-07/e6215a493284307f.json,source fields inspected; indexation/backlinks unverified,2026-10-07T04:08:31+00:00,curl.exe public HTTPS GET; no site code executed,1,404,,description; og:title; og:description; og:image
https://sterlingandwilsondc.com/privacy-policy/,Privacy Policy – Sterling & Wilson Data Center,,https://sterlingandwilsondc.com/privacy-policy/,max-image-preview:large,,,,,https://sterlingandwilsondc.com/; https://sterlingandwilsondc.com/about-us/; https://sterlingandwilsondc.com/awards-recognitions/; https://sterlingandwilsondc.com/blogs/; https://sterlingandwilsondc.com/careers/; https://sterlingandwilsondc.com/contact/; https://sterlingandwilsondc.com/corporate-governance/; https://sterlingandwilsondc.com/design-build/; https://sterlingandwilsondc.com/events/; https://sterlingandwilsondc.com/industry-memberships-and-recognitions/; https://sterlingandwilsondc.com/leadership/; https://sterlingandwilsondc.com/modular-construction/; https://sterlingandwilsondc.com/news-press-release/; https://sterlingandwilsondc.com/om-services/; https://sterlingandwilsondc.com/privacy-policy/; https://sterlingandwilsondc.com/projects/; https://sterlingandwilsondc.com/smart-operations/; https://sterlingandwilsondc.com/sustainable-execution/; https://sterlingandwilsondc.com/wp-content/uploads/2025/12/SW-HSE-Policy-June-2025.pdf,docs/discovery/evidence/2026-10-07/cc05cc7c49f30967.json,source fields inspected; indexation/backlinks unverified,2026-10-07T04:08:05+00:00,curl.exe public HTTPS GET; no site code executed,1,200,,description; og:title; og:description; og:image
https://sterlingandwilsondc.com/projects-2-copy/,Projects-2-copy – Sterling & Wilson Data Center,,https://sterlingandwilsondc.com/projects-2-copy/,max-image-preview:large,,,,,https://sterlingandwilsondc.com/; https://sterlingandwilsondc.com/about-us/; https://sterlingandwilsondc.com/awards-recognitions/; https://sterlingandwilsondc.com/blogs/; https://sterlingandwilsondc.com/careers/; https://sterlingandwilsondc.com/contact/; https://sterlingandwilsondc.com/corporate-governance/; https://sterlingandwilsondc.com/design-build/; https://sterlingandwilsondc.com/events/; https://sterlingandwilsondc.com/industry-memberships-and-recognitions/; https://sterlingandwilsondc.com/leadership/; https://sterlingandwilsondc.com/modular-construction/; https://sterlingandwilsondc.com/news-press-release/; https://sterlingandwilsondc.com/om-services/; https://sterlingandwilsondc.com/portfolio-category/domestic/; https://sterlingandwilsondc.com/portfolio-category/international/; https://sterlingandwilsondc.com/portfolios/bhamashah-state-data-center-jaipur-india/; https://sterlingandwilsondc.com/portfolios/colocation-data-center-navi-mumbai-india-2025/; https://sterlingandwilsondc.com/portfolios/edgnex-data-center-dammam-ksa-2021/; https://sterlingandwilsondc.com/portfolios/etisalat-db-telecom-mumbai-jaipur-ahmedabad-lucknow-ambala-india/; https://sterlingandwilsondc.com/portfolios/faisal-islamic-bank-cairo-egypt/; https://sterlingandwilsondc.com/portfolios/global-colocation-data-center-chennai-india/; https://sterlingandwilsondc.com/portfolios/global-colocation-data-center-navi-mumbai-india/; https://sterlingandwilsondc.com/portfolios/global-colocation-data-center-pune-india-2021/; https://sterlingandwilsondc.com/portfolios/hyperscaler-data-center-hyderabad-india/; https://sterlingandwilsondc.com/portfolios/hyperscaler-data-center-mumbai-india-2021/; https://sterlingandwilsondc.com/portfolios/mainone-dc-accra-ghana/; https://sterlingandwilsondc.com/portfolios/national-information-center-nic-hyderabad-india/; https://sterlingandwilsondc.com/portfolios/national-securities-depository-ltd-nsdl-bangalore-india/; https://sterlingandwilsondc.com/portfolios/national-stock-exchange-chennai-india/; https://sterlingandwilsondc.com/portfolios/raxio-dr-congo/; https://sterlingandwilsondc.com/portfolios/software-technology-parks-of-india-stpi/; https://sterlingandwilsondc.com/portfolios/telecom-egypt-cloud-hub-dc-cairo-egypt/; https://sterlingandwilsondc.com/portfolios/telecom-egypt-nn1-cairo-egypt/; https://sterlingandwilsondc.com/portfolios/vodafone-india-limited-chennai-india/; https://sterlingandwilsondc.com/portfolios/vodafone-vois-cairo-egypt/; https://sterlingandwilsondc.com/privacy-policy/; https://sterlingandwilsondc.com/projects-2-copy/; https://sterlingandwilsondc.com/projects/; https://sterlingandwilsondc.com/smart-operations/; https://sterlingandwilsondc.com/sustainable-execution/; https://sterlingandwilsondc.com/wp-content/uploads/2025/12/SW-HSE-Policy-June-2025.pdf,docs/discovery/evidence/2026-10-07/15848116359b3393.json,source fields inspected; indexation/backlinks unverified,2026-10-07T04:08:33+00:00,curl.exe public HTTPS GET; no site code executed,0,200,,description; og:title; og:description; og:image
https://sterlingandwilsondc.com/projects/,Projects – Sterling & Wilson Data Center,,https://sterlingandwilsondc.com/projects/,max-image-preview:large,,,,,https://sterlingandwilsondc.com/; https://sterlingandwilsondc.com/about-us/; https://sterlingandwilsondc.com/awards-recognitions/; https://sterlingandwilsondc.com/blogs/; https://sterlingandwilsondc.com/careers/; https://sterlingandwilsondc.com/contact/; https://sterlingandwilsondc.com/corporate-governance/; https://sterlingandwilsondc.com/design-build/; https://sterlingandwilsondc.com/events/; https://sterlingandwilsondc.com/industry-memberships-and-recognitions/; https://sterlingandwilsondc.com/leadership/; https://sterlingandwilsondc.com/modular-construction/; https://sterlingandwilsondc.com/news-press-release/; https://sterlingandwilsondc.com/om-services/; https://sterlingandwilsondc.com/portfolio-category/domestic/; https://sterlingandwilsondc.com/portfolio-category/international/; https://sterlingandwilsondc.com/portfolios/bhamashah-state-data-center-jaipur-india/; https://sterlingandwilsondc.com/portfolios/colocation-data-center-navi-mumbai-india-2025/; https://sterlingandwilsondc.com/portfolios/edgnex-data-center-dammam-ksa-2021/; https://sterlingandwilsondc.com/portfolios/etisalat-db-telecom-mumbai-jaipur-ahmedabad-lucknow-ambala-india/; https://sterlingandwilsondc.com/portfolios/faisal-islamic-bank-cairo-egypt/; https://sterlingandwilsondc.com/portfolios/global-colocation-data-center-chennai-india/; https://sterlingandwilsondc.com/portfolios/global-colocation-data-center-navi-mumbai-india/; https://sterlingandwilsondc.com/portfolios/global-colocation-data-center-pune-india-2021/; https://sterlingandwilsondc.com/portfolios/hyperscaler-data-center-hyderabad-india/; https://sterlingandwilsondc.com/portfolios/hyperscaler-data-center-mumbai-india-2021/; https://sterlingandwilsondc.com/portfolios/mainone-dc-accra-ghana/; https://sterlingandwilsondc.com/portfolios/national-information-center-nic-hyderabad-india/; https://sterlingandwilsondc.com/portfolios/national-securities-depository-ltd-nsdl-bangalore-india/; https://sterlingandwilsondc.com/portfolios/national-stock-exchange-chennai-india/; https://sterlingandwilsondc.com/portfolios/raxio-dr-congo/; https://sterlingandwilsondc.com/portfolios/software-technology-parks-of-india-stpi/; https://sterlingandwilsondc.com/portfolios/telecom-egypt-cloud-hub-dc-cairo-egypt/; https://sterlingandwilsondc.com/portfolios/telecom-egypt-nn1-cairo-egypt/; https://sterlingandwilsondc.com/portfolios/vodafone-india-limited-chennai-india/; https://sterlingandwilsondc.com/portfolios/vodafone-vois-cairo-egypt/; https://sterlingandwilsondc.com/privacy-policy/; https://sterlingandwilsondc.com/projects/; https://sterlingandwilsondc.com/smart-operations/; https://sterlingandwilsondc.com/sustainable-execution/; https://sterlingandwilsondc.com/wp-content/uploads/2025/12/SW-HSE-Policy-June-2025.pdf,docs/discovery/evidence/2026-10-07/62e4ebb01bafdb58.json,source fields inspected; indexation/backlinks unverified,2026-10-07T04:08:09+00:00,curl.exe public HTTPS GET; no site code executed,0,200,,description; og:title; og:description; og:image
https://sterlingandwilsondc.com/smart-operations-old-2/,Smart Operations-old – Sterling & Wilson Data Center,,https://sterlingandwilsondc.com/smart-operations-old-2/,max-image-preview:large,,,,"[{""@context"": ""https://schema.org"", ""@type"": ""FAQPage"", ""mainEntity"": [{""@type"": ""Question"", ""name"": ""Read More..."", ""acceptedAnswer"": {""@type"": ""Answer"", ""text"": ""<p class=\""normal\"" style=\""margin: 12.0pt 0in 12.0pt 0in;\""><strong>Containerized Data Center (CDC)</strong>: Built for outdoor installations, the CDC is engineered to withstand the elements. Waterproof, dust-proof, fire-proof, seismic-resistant, and anti-corrosive, this solution is designed to perform in even the most challenging environments, providing reliability wherever you need it.</p><p class=\""normal\"" style=\""margin: 12.0pt 0in 12.0pt 0in;\"">What makes this even better? We design, manufacture, and deliver CDC solutions in-house, giving us complete control to create fully customised solutions tailored to your needs.</p>""}}]}]",https://sterlingandwilsondc.com/; https://sterlingandwilsondc.com/about-us/; https://sterlingandwilsondc.com/awards-recognitions/; https://sterlingandwilsondc.com/blogs/; https://sterlingandwilsondc.com/careers/; https://sterlingandwilsondc.com/contact/; https://sterlingandwilsondc.com/corporate-governance/; https://sterlingandwilsondc.com/design-build/; https://sterlingandwilsondc.com/events/; https://sterlingandwilsondc.com/industry-memberships-and-recognitions/; https://sterlingandwilsondc.com/leadership/; https://sterlingandwilsondc.com/modular-construction/; https://sterlingandwilsondc.com/news-press-release/; https://sterlingandwilsondc.com/om-services/; https://sterlingandwilsondc.com/privacy-policy/; https://sterlingandwilsondc.com/projects/; https://sterlingandwilsondc.com/smart-operations-old-2/; https://sterlingandwilsondc.com/smart-operations/; https://sterlingandwilsondc.com/sustainable-execution/; https://sterlingandwilsondc.com/wp-content/uploads/2025/12/SW-HSE-Policy-June-2025.pdf,docs/discovery/evidence/2026-10-07/32c19382fb03633b.json,source fields inspected; indexation/backlinks unverified,2026-10-07T04:08:33+00:00,curl.exe public HTTPS GET; no site code executed,0,200,,description; og:title; og:description; og:image
https://sterlingandwilsondc.com/smart-operations/,Smart Operations – Sterling & Wilson Data Center,,https://sterlingandwilsondc.com/smart-operations/,max-image-preview:large,,,,"[{""@context"": ""https://schema.org"", ""@type"": ""FAQPage"", ""mainEntity"": [{""@type"": ""Question"", ""name"": ""What is a Smart Operations platform?"", ""acceptedAnswer"": {""@type"": ""Answer"", ""text"": ""<p>A Smart Operations platform uses AI, machine learning, analytics, and IoT to monitor critical infrastructure, predict issues, and improve operational performance.</p>""}}, {""@type"": ""Question"", ""name"": ""Which industries can benefit from Smart Operations?"", ""acceptedAnswer"": {""@type"": ""Answer"", ""text"": ""<p>Data centres, Telecom towers, Commercial buildings, Hospitals, Connected factories, Large campuses and retail chains can all benefit from better monitoring and predictive intelligence.</p>""}}, {""@type"": ""Question"", ""name"": ""How does predictive maintenance help?"", ""acceptedAnswer"": {""@type"": ""Answer"", ""text"": ""<p>It identifies patterns and risks before equipment fails, helping reduce downtime, improve planning, and lower maintenance costs.</p>""}}, {""@type"": ""Question"", ""name"": ""Can Smart Operations support sustainability goals?"", ""acceptedAnswer"": {""@type"": ""Answer"", ""text"": ""<p>Yes. It helps track energy, water, and carbon performance, which supports ESG and sustainability reporting.</p>""}}, {""@type"": ""Question"", ""name"": ""Is Smart Operations suitable for multi-site operations?"", ""acceptedAnswer"": {""@type"": ""Answer"", ""text"": ""<p>Yes. The platform is designed for centralised visibility across multiple assets and sites.</p>""}}]}]",https://sterlingandwilsondc.com/; https://sterlingandwilsondc.com/about-us/; https://sterlingandwilsondc.com/awards-recognitions/; https://sterlingandwilsondc.com/blogs/; https://sterlingandwilsondc.com/careers/; https://sterlingandwilsondc.com/contact/; https://sterlingandwilsondc.com/corporate-governance/; https://sterlingandwilsondc.com/design-build/; https://sterlingandwilsondc.com/events/; https://sterlingandwilsondc.com/industry-memberships-and-recognitions/; https://sterlingandwilsondc.com/leadership/; https://sterlingandwilsondc.com/modular-construction/; https://sterlingandwilsondc.com/news-press-release/; https://sterlingandwilsondc.com/om-services/; https://sterlingandwilsondc.com/privacy-policy/; https://sterlingandwilsondc.com/projects/; https://sterlingandwilsondc.com/smart-operations/; https://sterlingandwilsondc.com/sustainable-execution/; https://sterlingandwilsondc.com/wp-content/uploads/2025/12/SW-HSE-Policy-June-2025.pdf,docs/discovery/evidence/2026-10-07/d774a34b79efaca7.json,source fields inspected; indexation/backlinks unverified,2026-10-07T04:08:09+00:00,curl.exe public HTTPS GET; no site code executed,0,200,,description; og:title; og:description; og:image
https://sterlingandwilsondc.com/sustainable-execution-duplicate/,Sustainable Execution – Duplicate – Sterling & Wilson Data Center,,https://sterlingandwilsondc.com/sustainable-execution-duplicate/,max-image-preview:large,,,,,https://sterlingandwilsondc.com/; https://sterlingandwilsondc.com/about-us/; https://sterlingandwilsondc.com/awards-recognitions/; https://sterlingandwilsondc.com/blogs/; https://sterlingandwilsondc.com/careers/; https://sterlingandwilsondc.com/contact/; https://sterlingandwilsondc.com/corporate-governance/; https://sterlingandwilsondc.com/design-build/; https://sterlingandwilsondc.com/events/; https://sterlingandwilsondc.com/industry-memberships-and-recognitions/; https://sterlingandwilsondc.com/leadership/; https://sterlingandwilsondc.com/modular-construction/; https://sterlingandwilsondc.com/news-press-release/; https://sterlingandwilsondc.com/om-services/; https://sterlingandwilsondc.com/privacy-policy/; https://sterlingandwilsondc.com/projects/; https://sterlingandwilsondc.com/smart-operations/; https://sterlingandwilsondc.com/sustainable-execution-duplicate/; https://sterlingandwilsondc.com/sustainable-execution/; https://sterlingandwilsondc.com/wp-content/uploads/2025/12/SW-HSE-Policy-June-2025.pdf,docs/discovery/evidence/2026-10-07/2ab0969ad45e09e1.json,source fields inspected; indexation/backlinks unverified,2026-10-07T04:08:33+00:00,curl.exe public HTTPS GET; no site code executed,0,200,,description; og:title; og:description; og:image
https://sterlingandwilsondc.com/sustainable-execution/,Sustainable Execution – Sterling & Wilson Data Center,,https://sterlingandwilsondc.com/sustainable-execution/,max-image-preview:large,,,,,https://sterlingandwilsondc.com/; https://sterlingandwilsondc.com/about-us/; https://sterlingandwilsondc.com/awards-recognitions/; https://sterlingandwilsondc.com/blogs/; https://sterlingandwilsondc.com/careers/; https://sterlingandwilsondc.com/contact/; https://sterlingandwilsondc.com/corporate-governance/; https://sterlingandwilsondc.com/design-build/; https://sterlingandwilsondc.com/events/; https://sterlingandwilsondc.com/industry-memberships-and-recognitions/; https://sterlingandwilsondc.com/leadership/; https://sterlingandwilsondc.com/modular-construction/; https://sterlingandwilsondc.com/news-press-release/; https://sterlingandwilsondc.com/om-services/; https://sterlingandwilsondc.com/privacy-policy/; https://sterlingandwilsondc.com/projects/; https://sterlingandwilsondc.com/smart-operations/; https://sterlingandwilsondc.com/sustainable-execution/; https://sterlingandwilsondc.com/wp-content/uploads/2025/12/SW-HSE-Policy-June-2025.pdf,docs/discovery/evidence/2026-10-07/6e5fabe48b05e934.json,source fields inspected; indexation/backlinks unverified,2026-10-07T04:08:09+00:00,curl.exe public HTTPS GET; no site code executed,0,200,,description; og:title; og:description; og:image
https://sterlingandwilsondc.com/team-category/it-technology/,IT Technology – Sterling & Wilson Data Center,,,max-image-preview:large,,,,,https://sterlingandwilsondc.com/; https://sterlingandwilsondc.com/about-us/; https://sterlingandwilsondc.com/awards-recognitions/; https://sterlingandwilsondc.com/blogs/; https://sterlingandwilsondc.com/careers/; https://sterlingandwilsondc.com/contact/; https://sterlingandwilsondc.com/corporate-governance/; https://sterlingandwilsondc.com/design-build/; https://sterlingandwilsondc.com/events/; https://sterlingandwilsondc.com/industry-memberships-and-recognitions/; https://sterlingandwilsondc.com/leadership/; https://sterlingandwilsondc.com/modular-construction/; https://sterlingandwilsondc.com/news-press-release/; https://sterlingandwilsondc.com/om-services/; https://sterlingandwilsondc.com/privacy-policy/; https://sterlingandwilsondc.com/projects/; https://sterlingandwilsondc.com/smart-operations/; https://sterlingandwilsondc.com/sustainable-execution/; https://sterlingandwilsondc.com/team-category/it-technology/; https://sterlingandwilsondc.com/teams/awadhesh-sharma/; https://sterlingandwilsondc.com/teams/ninad-bhise/; https://sterlingandwilsondc.com/teams/p-v-prasanth/; https://sterlingandwilsondc.com/teams/prasanna-sarambale/; https://sterlingandwilsondc.com/teams/rahul-deshpande/; https://sterlingandwilsondc.com/teams/rajeev-roy/; https://sterlingandwilsondc.com/teams/ranjit-gajare/; https://sterlingandwilsondc.com/teams/ravindra-bapat/; https://sterlingandwilsondc.com/wp-content/uploads/2025/12/SW-HSE-Policy-June-2025.pdf,docs/discovery/evidence/2026-10-07/042a6bfd93bf6591.json,source fields inspected; indexation/backlinks unverified,2026-10-07T04:08:44+00:00,curl.exe public HTTPS GET; no site code executed,1,200,,description; og:title; og:description; og:image
https://sterlingandwilsondc.com/teams/awadhesh-sharma/,Awadhesh Sharma – Sterling & Wilson Data Center,,https://sterlingandwilsondc.com/teams/awadhesh-sharma/,max-image-preview:large,,,,,https://sterlingandwilsondc.com/; https://sterlingandwilsondc.com/about-us/; https://sterlingandwilsondc.com/awards-recognitions/; https://sterlingandwilsondc.com/blogs/; https://sterlingandwilsondc.com/careers/; https://sterlingandwilsondc.com/contact/; https://sterlingandwilsondc.com/corporate-governance/; https://sterlingandwilsondc.com/design-build/; https://sterlingandwilsondc.com/events/; https://sterlingandwilsondc.com/industry-memberships-and-recognitions/; https://sterlingandwilsondc.com/leadership/; https://sterlingandwilsondc.com/modular-construction/; https://sterlingandwilsondc.com/news-press-release/; https://sterlingandwilsondc.com/om-services/; https://sterlingandwilsondc.com/privacy-policy/; https://sterlingandwilsondc.com/projects/; https://sterlingandwilsondc.com/smart-operations/; https://sterlingandwilsondc.com/sustainable-execution/; https://sterlingandwilsondc.com/teams/awadhesh-sharma/; https://sterlingandwilsondc.com/wp-content/uploads/2025/12/SW-HSE-Policy-June-2025.pdf,docs/discovery/evidence/2026-10-07/7b32476b0cf26b20.json,source fields inspected; indexation/backlinks unverified,2026-10-07T04:08:33+00:00,curl.exe public HTTPS GET; no site code executed,1,200,,description; og:title; og:description; og:image
https://sterlingandwilsondc.com/teams/ninad-bhise/,Ninad Bhise – Sterling & Wilson Data Center,,https://sterlingandwilsondc.com/teams/ninad-bhise/,max-image-preview:large,,,,,https://sterlingandwilsondc.com/; https://sterlingandwilsondc.com/about-us/; https://sterlingandwilsondc.com/awards-recognitions/; https://sterlingandwilsondc.com/blogs/; https://sterlingandwilsondc.com/careers/; https://sterlingandwilsondc.com/contact/; https://sterlingandwilsondc.com/corporate-governance/; https://sterlingandwilsondc.com/design-build/; https://sterlingandwilsondc.com/events/; https://sterlingandwilsondc.com/industry-memberships-and-recognitions/; https://sterlingandwilsondc.com/leadership/; https://sterlingandwilsondc.com/modular-construction/; https://sterlingandwilsondc.com/news-press-release/; https://sterlingandwilsondc.com/om-services/; https://sterlingandwilsondc.com/privacy-policy/; https://sterlingandwilsondc.com/projects/; https://sterlingandwilsondc.com/smart-operations/; https://sterlingandwilsondc.com/sustainable-execution/; https://sterlingandwilsondc.com/teams/ninad-bhise/; https://sterlingandwilsondc.com/wp-content/uploads/2025/12/SW-HSE-Policy-June-2025.pdf,docs/discovery/evidence/2026-10-07/079f22979a4650e1.json,source fields inspected; indexation/backlinks unverified,2026-10-07T04:08:36+00:00,curl.exe public HTTPS GET; no site code executed,1,200,,description; og:title; og:description; og:image
https://sterlingandwilsondc.com/teams/p-v-prasanth/,P. V. Prasanth – Sterling & Wilson Data Center,,https://sterlingandwilsondc.com/teams/p-v-prasanth/,max-image-preview:large,,,,,https://sterlingandwilsondc.com/; https://sterlingandwilsondc.com/about-us/; https://sterlingandwilsondc.com/awards-recognitions/; https://sterlingandwilsondc.com/blogs/; https://sterlingandwilsondc.com/careers/; https://sterlingandwilsondc.com/contact/; https://sterlingandwilsondc.com/corporate-governance/; https://sterlingandwilsondc.com/design-build/; https://sterlingandwilsondc.com/events/; https://sterlingandwilsondc.com/industry-memberships-and-recognitions/; https://sterlingandwilsondc.com/leadership/; https://sterlingandwilsondc.com/modular-construction/; https://sterlingandwilsondc.com/news-press-release/; https://sterlingandwilsondc.com/om-services/; https://sterlingandwilsondc.com/privacy-policy/; https://sterlingandwilsondc.com/projects/; https://sterlingandwilsondc.com/smart-operations/; https://sterlingandwilsondc.com/sustainable-execution/; https://sterlingandwilsondc.com/teams/p-v-prasanth/; https://sterlingandwilsondc.com/wp-content/uploads/2025/12/SW-HSE-Policy-June-2025.pdf,docs/discovery/evidence/2026-10-07/65a8028ed9f4bd05.json,source fields inspected; indexation/backlinks unverified,2026-10-07T04:08:36+00:00,curl.exe public HTTPS GET; no site code executed,1,200,,description; og:title; og:description; og:image
https://sterlingandwilsondc.com/teams/prasanna-sarambale/,Prasanna Sarambale – Sterling & Wilson Data Center,,https://sterlingandwilsondc.com/teams/prasanna-sarambale/,max-image-preview:large,,,,,https://sterlingandwilsondc.com/; https://sterlingandwilsondc.com/about-us/; https://sterlingandwilsondc.com/awards-recognitions/; https://sterlingandwilsondc.com/blogs/; https://sterlingandwilsondc.com/careers/; https://sterlingandwilsondc.com/contact/; https://sterlingandwilsondc.com/corporate-governance/; https://sterlingandwilsondc.com/design-build/; https://sterlingandwilsondc.com/events/; https://sterlingandwilsondc.com/industry-memberships-and-recognitions/; https://sterlingandwilsondc.com/leadership/; https://sterlingandwilsondc.com/modular-construction/; https://sterlingandwilsondc.com/news-press-release/; https://sterlingandwilsondc.com/om-services/; https://sterlingandwilsondc.com/privacy-policy/; https://sterlingandwilsondc.com/projects/; https://sterlingandwilsondc.com/smart-operations/; https://sterlingandwilsondc.com/sustainable-execution/; https://sterlingandwilsondc.com/teams/prasanna-sarambale/; https://sterlingandwilsondc.com/wp-content/uploads/2025/12/SW-HSE-Policy-June-2025.pdf,docs/discovery/evidence/2026-10-07/737bca585de4604f.json,source fields inspected; indexation/backlinks unverified,2026-10-07T04:08:36+00:00,curl.exe public HTTPS GET; no site code executed,1,200,,description; og:title; og:description; og:image
https://sterlingandwilsondc.com/teams/rahul-deshpande/,Rahul Deshpande – Sterling & Wilson Data Center,,https://sterlingandwilsondc.com/teams/rahul-deshpande/,max-image-preview:large,,,,,https://sterlingandwilsondc.com/; https://sterlingandwilsondc.com/about-us/; https://sterlingandwilsondc.com/awards-recognitions/; https://sterlingandwilsondc.com/blogs/; https://sterlingandwilsondc.com/careers/; https://sterlingandwilsondc.com/contact/; https://sterlingandwilsondc.com/corporate-governance/; https://sterlingandwilsondc.com/design-build/; https://sterlingandwilsondc.com/events/; https://sterlingandwilsondc.com/industry-memberships-and-recognitions/; https://sterlingandwilsondc.com/leadership/; https://sterlingandwilsondc.com/modular-construction/; https://sterlingandwilsondc.com/news-press-release/; https://sterlingandwilsondc.com/om-services/; https://sterlingandwilsondc.com/privacy-policy/; https://sterlingandwilsondc.com/projects/; https://sterlingandwilsondc.com/smart-operations/; https://sterlingandwilsondc.com/sustainable-execution/; https://sterlingandwilsondc.com/teams/rahul-deshpande/; https://sterlingandwilsondc.com/wp-content/uploads/2025/12/SW-HSE-Policy-June-2025.pdf,docs/discovery/evidence/2026-10-07/5facd28dce2fe801.json,source fields inspected; indexation/backlinks unverified,2026-10-07T04:08:36+00:00,curl.exe public HTTPS GET; no site code executed,1,200,,description; og:title; og:description; og:image
https://sterlingandwilsondc.com/teams/rajeev-roy/,Rajeev Roy – Sterling & Wilson Data Center,,https://sterlingandwilsondc.com/teams/rajeev-roy/,max-image-preview:large,,,,,https://sterlingandwilsondc.com/; https://sterlingandwilsondc.com/about-us/; https://sterlingandwilsondc.com/awards-recognitions/; https://sterlingandwilsondc.com/blogs/; https://sterlingandwilsondc.com/careers/; https://sterlingandwilsondc.com/contact/; https://sterlingandwilsondc.com/corporate-governance/; https://sterlingandwilsondc.com/design-build/; https://sterlingandwilsondc.com/events/; https://sterlingandwilsondc.com/industry-memberships-and-recognitions/; https://sterlingandwilsondc.com/leadership/; https://sterlingandwilsondc.com/modular-construction/; https://sterlingandwilsondc.com/news-press-release/; https://sterlingandwilsondc.com/om-services/; https://sterlingandwilsondc.com/privacy-policy/; https://sterlingandwilsondc.com/projects/; https://sterlingandwilsondc.com/smart-operations/; https://sterlingandwilsondc.com/sustainable-execution/; https://sterlingandwilsondc.com/teams/rajeev-roy/; https://sterlingandwilsondc.com/wp-content/uploads/2025/12/SW-HSE-Policy-June-2025.pdf,docs/discovery/evidence/2026-10-07/4b13f341f30f6e36.json,source fields inspected; indexation/backlinks unverified,2026-10-07T04:08:38+00:00,curl.exe public HTTPS GET; no site code executed,1,200,,description; og:title; og:description; og:image
https://sterlingandwilsondc.com/teams/ranjit-gajare/,Ranjit Gajare – Sterling & Wilson Data Center,,https://sterlingandwilsondc.com/teams/ranjit-gajare/,max-image-preview:large,,,,,https://sterlingandwilsondc.com/; https://sterlingandwilsondc.com/about-us/; https://sterlingandwilsondc.com/awards-recognitions/; https://sterlingandwilsondc.com/blogs/; https://sterlingandwilsondc.com/careers/; https://sterlingandwilsondc.com/contact/; https://sterlingandwilsondc.com/corporate-governance/; https://sterlingandwilsondc.com/design-build/; https://sterlingandwilsondc.com/events/; https://sterlingandwilsondc.com/industry-memberships-and-recognitions/; https://sterlingandwilsondc.com/leadership/; https://sterlingandwilsondc.com/modular-construction/; https://sterlingandwilsondc.com/news-press-release/; https://sterlingandwilsondc.com/om-services/; https://sterlingandwilsondc.com/privacy-policy/; https://sterlingandwilsondc.com/projects/; https://sterlingandwilsondc.com/smart-operations/; https://sterlingandwilsondc.com/sustainable-execution/; https://sterlingandwilsondc.com/teams/ranjit-gajare/; https://sterlingandwilsondc.com/wp-content/uploads/2025/12/SW-HSE-Policy-June-2025.pdf,docs/discovery/evidence/2026-10-07/7b64878ec598080c.json,source fields inspected; indexation/backlinks unverified,2026-10-07T04:08:38+00:00,curl.exe public HTTPS GET; no site code executed,1,200,,description; og:title; og:description; og:image
https://sterlingandwilsondc.com/teams/ravindra-bapat/,Ravindra Bapat – Sterling & Wilson Data Center,,https://sterlingandwilsondc.com/teams/ravindra-bapat/,max-image-preview:large,,,,,https://sterlingandwilsondc.com/; https://sterlingandwilsondc.com/about-us/; https://sterlingandwilsondc.com/awards-recognitions/; https://sterlingandwilsondc.com/blogs/; https://sterlingandwilsondc.com/careers/; https://sterlingandwilsondc.com/contact/; https://sterlingandwilsondc.com/corporate-governance/; https://sterlingandwilsondc.com/design-build/; https://sterlingandwilsondc.com/events/; https://sterlingandwilsondc.com/industry-memberships-and-recognitions/; https://sterlingandwilsondc.com/leadership/; https://sterlingandwilsondc.com/modular-construction/; https://sterlingandwilsondc.com/news-press-release/; https://sterlingandwilsondc.com/om-services/; https://sterlingandwilsondc.com/privacy-policy/; https://sterlingandwilsondc.com/projects/; https://sterlingandwilsondc.com/smart-operations/; https://sterlingandwilsondc.com/sustainable-execution/; https://sterlingandwilsondc.com/teams/ravindra-bapat/; https://sterlingandwilsondc.com/wp-content/uploads/2025/12/SW-HSE-Policy-June-2025.pdf,docs/discovery/evidence/2026-10-07/cd33be07875b2580.json,source fields inspected; indexation/backlinks unverified,2026-10-07T04:08:38+00:00,curl.exe public HTTPS GET; no site code executed,1,200,,description; og:title; og:description; og:image
https://sterlingandwilsondc.com/test-project-page/,test project page – Sterling & Wilson Data Center,,https://sterlingandwilsondc.com/test-project-page/,max-image-preview:large,,,,,https://sterlingandwilsondc.com/; https://sterlingandwilsondc.com/about-us/; https://sterlingandwilsondc.com/awards-recognitions/; https://sterlingandwilsondc.com/blogs/; https://sterlingandwilsondc.com/careers/; https://sterlingandwilsondc.com/contact/; https://sterlingandwilsondc.com/corporate-governance/; https://sterlingandwilsondc.com/design-build/; https://sterlingandwilsondc.com/events/; https://sterlingandwilsondc.com/industry-memberships-and-recognitions/; https://sterlingandwilsondc.com/leadership/; https://sterlingandwilsondc.com/modular-construction/; https://sterlingandwilsondc.com/news-press-release/; https://sterlingandwilsondc.com/om-services/; https://sterlingandwilsondc.com/portfolio-category/domestic/; https://sterlingandwilsondc.com/portfolio-category/international/; https://sterlingandwilsondc.com/portfolios/bhamashah-state-data-center-jaipur-india/; https://sterlingandwilsondc.com/portfolios/colocation-data-center-navi-mumbai-india-2025/; https://sterlingandwilsondc.com/portfolios/edgnex-data-center-dammam-ksa-2021/; https://sterlingandwilsondc.com/portfolios/etisalat-db-telecom-mumbai-jaipur-ahmedabad-lucknow-ambala-india/; https://sterlingandwilsondc.com/portfolios/faisal-islamic-bank-cairo-egypt/; https://sterlingandwilsondc.com/portfolios/global-colocation-data-center-chennai-india/; https://sterlingandwilsondc.com/portfolios/global-colocation-data-center-navi-mumbai-india/; https://sterlingandwilsondc.com/portfolios/global-colocation-data-center-pune-india-2021/; https://sterlingandwilsondc.com/portfolios/hyperscaler-data-center-hyderabad-india/; https://sterlingandwilsondc.com/portfolios/hyperscaler-data-center-mumbai-india-2021/; https://sterlingandwilsondc.com/portfolios/mainone-dc-accra-ghana/; https://sterlingandwilsondc.com/portfolios/national-information-center-nic-hyderabad-india/; https://sterlingandwilsondc.com/portfolios/national-securities-depository-ltd-nsdl-bangalore-india/; https://sterlingandwilsondc.com/portfolios/national-stock-exchange-chennai-india/; https://sterlingandwilsondc.com/portfolios/raxio-dr-congo/; https://sterlingandwilsondc.com/portfolios/software-technology-parks-of-india-stpi/; https://sterlingandwilsondc.com/portfolios/telecom-egypt-cloud-hub-dc-cairo-egypt/; https://sterlingandwilsondc.com/portfolios/telecom-egypt-nn1-cairo-egypt/; https://sterlingandwilsondc.com/portfolios/vodafone-india-limited-chennai-india/; https://sterlingandwilsondc.com/portfolios/vodafone-vois-cairo-egypt/; https://sterlingandwilsondc.com/privacy-policy/; https://sterlingandwilsondc.com/projects/; https://sterlingandwilsondc.com/smart-operations/; https://sterlingandwilsondc.com/sustainable-execution/; https://sterlingandwilsondc.com/test-project-page/; https://sterlingandwilsondc.com/wp-content/uploads/2025/12/SW-HSE-Policy-June-2025.pdf,docs/discovery/evidence/2026-10-07/d22ded80faec58b0.json,source fields inspected; indexation/backlinks unverified,2026-10-07T04:08:38+00:00,curl.exe public HTTPS GET; no site code executed,1,200,,description; og:title; og:description; og:image
https://sterlingandwilsondc.com/testimonial-category/business/,Business – Sterling & Wilson Data Center,,,max-image-preview:large,,,,,https://sterlingandwilsondc.com/; https://sterlingandwilsondc.com/about-us/; https://sterlingandwilsondc.com/awards-recognitions/; https://sterlingandwilsondc.com/blogs/; https://sterlingandwilsondc.com/careers/; https://sterlingandwilsondc.com/contact/; https://sterlingandwilsondc.com/corporate-governance/; https://sterlingandwilsondc.com/design-build/; https://sterlingandwilsondc.com/events/; https://sterlingandwilsondc.com/industry-memberships-and-recognitions/; https://sterlingandwilsondc.com/leadership/; https://sterlingandwilsondc.com/modular-construction/; https://sterlingandwilsondc.com/news-press-release/; https://sterlingandwilsondc.com/om-services/; https://sterlingandwilsondc.com/privacy-policy/; https://sterlingandwilsondc.com/projects/; https://sterlingandwilsondc.com/smart-operations/; https://sterlingandwilsondc.com/sustainable-execution/; https://sterlingandwilsondc.com/testimonial-category/business/; https://sterlingandwilsondc.com/testimonials/27356/; https://sterlingandwilsondc.com/wp-content/uploads/2025/12/SW-HSE-Policy-June-2025.pdf,docs/discovery/evidence/2026-10-07/473c0bbf19947f20.json,source fields inspected; indexation/backlinks unverified,2026-10-07T04:08:45+00:00,curl.exe public HTTPS GET; no site code executed,1,200,,description; og:title; og:description; og:image
https://sterlingandwilsondc.com/testimonials/27356/,Sterling & Wilson Data Center,,https://sterlingandwilsondc.com/testimonials/27356/,max-image-preview:large,,,,,https://sterlingandwilsondc.com/; https://sterlingandwilsondc.com/about-us/; https://sterlingandwilsondc.com/awards-recognitions/; https://sterlingandwilsondc.com/blogs/; https://sterlingandwilsondc.com/careers/; https://sterlingandwilsondc.com/contact/; https://sterlingandwilsondc.com/corporate-governance/; https://sterlingandwilsondc.com/design-build/; https://sterlingandwilsondc.com/events/; https://sterlingandwilsondc.com/industry-memberships-and-recognitions/; https://sterlingandwilsondc.com/leadership/; https://sterlingandwilsondc.com/modular-construction/; https://sterlingandwilsondc.com/news-press-release/; https://sterlingandwilsondc.com/om-services/; https://sterlingandwilsondc.com/privacy-policy/; https://sterlingandwilsondc.com/projects/; https://sterlingandwilsondc.com/smart-operations/; https://sterlingandwilsondc.com/sustainable-execution/; https://sterlingandwilsondc.com/testimonials/27356/; https://sterlingandwilsondc.com/wp-content/uploads/2025/12/SW-HSE-Policy-June-2025.pdf,docs/discovery/evidence/2026-10-07/bb905a105973bbe4.json,source fields inspected; indexation/backlinks unverified,2026-10-07T04:08:42+00:00,curl.exe public HTTPS GET; no site code executed,0,200,,description; og:title; og:description; og:image
https://sterlingandwilsondc.com/testing-page/,Testing Page – Sterling & Wilson Data Center,,https://sterlingandwilsondc.com/testing-page/,max-image-preview:large,,,,,https://sterlingandwilsondc.com/; https://sterlingandwilsondc.com/about-us/; https://sterlingandwilsondc.com/awards-recognitions/; https://sterlingandwilsondc.com/blogs/; https://sterlingandwilsondc.com/careers/; https://sterlingandwilsondc.com/contact/; https://sterlingandwilsondc.com/conventional-brick-mortar-data-center/; https://sterlingandwilsondc.com/corporate-governance/; https://sterlingandwilsondc.com/design-build/; https://sterlingandwilsondc.com/events/; https://sterlingandwilsondc.com/industry-memberships-and-recognitions/; https://sterlingandwilsondc.com/leadership/; https://sterlingandwilsondc.com/modular-construction/; https://sterlingandwilsondc.com/modular-data-centers/; https://sterlingandwilsondc.com/news-press-release/; https://sterlingandwilsondc.com/om-services/; https://sterlingandwilsondc.com/prefabricated-containerised-data-centers/; https://sterlingandwilsondc.com/privacy-policy/; https://sterlingandwilsondc.com/projects/; https://sterlingandwilsondc.com/smart-operations/; https://sterlingandwilsondc.com/sustainable-execution/; https://sterlingandwilsondc.com/testing-page/; https://sterlingandwilsondc.com/wp-content/uploads/2025/12/SW-HSE-Policy-June-2025.pdf,docs/discovery/evidence/2026-10-07/92e67410f7b113ed.json,source fields inspected; indexation/backlinks unverified,2026-10-07T04:08:40+00:00,curl.exe public HTTPS GET; no site code executed,2,200,,description; og:title; og:description; og:image
https://sterlingandwilsondc.com/the-ai-infrastructure-race-why-future-data-centres-must-be-ai-ready/,The AI Infrastructure Race: Why Future Data Centres Must Be AI-Ready – Sterling & Wilson Data Center,,https://sterlingandwilsondc.com/the-ai-infrastructure-race-why-future-data-centres-must-be-ai-ready/,max-image-preview:large,,,,,https://sterlingandwilsondc.com/; https://sterlingandwilsondc.com/about-us/; https://sterlingandwilsondc.com/awards-recognitions/; https://sterlingandwilsondc.com/blogs/; https://sterlingandwilsondc.com/careers/; https://sterlingandwilsondc.com/contact/; https://sterlingandwilsondc.com/corporate-governance/; https://sterlingandwilsondc.com/design-build/; https://sterlingandwilsondc.com/events/; https://sterlingandwilsondc.com/industry-memberships-and-recognitions/; https://sterlingandwilsondc.com/leadership/; https://sterlingandwilsondc.com/modular-construction/; https://sterlingandwilsondc.com/news-press-release/; https://sterlingandwilsondc.com/om-services/; https://sterlingandwilsondc.com/privacy-policy/; https://sterlingandwilsondc.com/projects/; https://sterlingandwilsondc.com/smart-operations/; https://sterlingandwilsondc.com/sustainable-execution/; https://sterlingandwilsondc.com/the-ai-infrastructure-race-why-future-data-centres-must-be-ai-ready/; https://sterlingandwilsondc.com/wp-content/uploads/2025/12/SW-HSE-Policy-June-2025.pdf,docs/discovery/evidence/2026-10-07/72851bf613db3d0f.json,source fields inspected; indexation/backlinks unverified,2026-10-07T04:08:24+00:00,curl.exe public HTTPS GET; no site code executed,1,200,,description; og:title; og:description; og:image
https://sterlingandwilsondc.com/thumbnail-slider/,thumbnail slider – Sterling & Wilson Data Center,,https://sterlingandwilsondc.com/thumbnail-slider/,max-image-preview:large,,,,,https://sterlingandwilsondc.com/; https://sterlingandwilsondc.com/about-us/; https://sterlingandwilsondc.com/awards-recognitions/; https://sterlingandwilsondc.com/blogs/; https://sterlingandwilsondc.com/careers/; https://sterlingandwilsondc.com/contact/; https://sterlingandwilsondc.com/corporate-governance/; https://sterlingandwilsondc.com/design-build/; https://sterlingandwilsondc.com/events/; https://sterlingandwilsondc.com/industry-memberships-and-recognitions/; https://sterlingandwilsondc.com/leadership/; https://sterlingandwilsondc.com/modular-construction/; https://sterlingandwilsondc.com/news-press-release/; https://sterlingandwilsondc.com/om-services/; https://sterlingandwilsondc.com/privacy-policy/; https://sterlingandwilsondc.com/projects/; https://sterlingandwilsondc.com/smart-operations/; https://sterlingandwilsondc.com/sustainable-execution/; https://sterlingandwilsondc.com/thumbnail-slider/; https://sterlingandwilsondc.com/wp-content/uploads/2025/12/SW-HSE-Policy-June-2025.pdf,docs/discovery/evidence/2026-10-07/8633e58ce8d091cd.json,source fields inspected; indexation/backlinks unverified,2026-10-07T04:08:40+00:00,curl.exe public HTTPS GET; no site code executed,1,200,,description; og:title; og:description; og:image
